, FMS_LON, FMS_LAT
0,-95.155396,29.605062
1,-95.154877,29.605551000000002
2,-95.154381,29.605988
3,-95.15383100000001,29.60647
4,-95.153305,29.60697
5,-95.15278599999999,29.607473
6,-95.152275,29.607965000000004
7,-95.15171099999999,29.608456
8,-95.151169,29.608959000000002
9,-95.15061999999999,29.609457
10,-95.150063,29.609959000000003
11,-95.149452,29.61047
12,-95.14894100000001,29.610992
13,-95.14836899999999,29.6115
14,-95.147812,29.612019
15,-95.14723199999999,29.61253
16,-95.146652,29.613077
17,-95.146103,29.613616999999998
18,-95.145493,29.614124
19,-95.144882,29.61471
20,-95.14431,29.615229
21,-95.14373,29.615789000000003
22,-95.143105,29.616364
23,-95.142555,29.616907
24,-95.141922,29.617456
25,-95.14134200000001,29.618022999999997
26,-95.140701,29.618570000000002
27,-95.14005300000001,29.61911
28,-95.139397,29.619616999999998
29,-95.138763,29.620172999999998
30,-95.138046,29.62064
31,-95.137337,29.621124
32,-95.136589,29.621561
33,-95.13587199999999,29.622015
34,-95.135086,29.6224
35,-95.134315,29.622797
36,-95.133522,29.623175
37,-95.13266,29.623514
38,-95.13183599999999,29.623815999999998
39,-95.130966,29.624069
40,-95.130089,29.624344
41,-95.129234,29.624547999999997
42,-95.12831899999999,29.624725
43,-95.127426,29.624810999999998
44,-95.12648,29.624859000000004
45,-95.12557199999999,29.624878000000002
46,-95.124649,29.624810999999998
47,-95.123734,29.624775
48,-95.122787,29.624615000000002
49,-95.121872,29.624423999999998
50,-95.120987,29.624209999999998
51,-95.120132,29.623897999999997
52,-95.11927800000001,29.62355
53,-95.118454,29.623209000000003
54,-95.117661,29.622829
55,-95.11689799999999,29.622387
56,-95.11615,29.621899
57,-95.115433,29.621409999999997
58,-95.114716,29.62084
59,-95.114059,29.620306
60,-95.113419,29.619726
61,-95.112785,29.619068
62,-95.11224399999999,29.61842
63,-95.11173199999999,29.617712
64,-95.111244,29.617014
65,-95.110764,29.616287
66,-95.110382,29.615548999999998
67,-95.109993,29.614797999999997
68,-95.109657,29.614044
69,-95.109398,29.613256
70,-95.109085,29.612447999999997
71,-95.10882600000001,29.611658000000002
72,-95.108643,29.610895000000003
73,-95.10849,29.610073
74,-95.108299,29.609287
75,-95.108284,29.6085
76,-95.10813900000001,29.607692999999998
77,-95.10813900000001,29.606921999999997
78,-95.10813900000001,29.606094
79,-95.10813900000001,29.605321999999997
80,-95.10813900000001,29.604547999999998
81,-95.1082,29.603759999999998
82,-95.108284,29.602990999999996
83,-95.108475,29.602182
84,-95.108559,29.601429
85,-95.108688,29.600635999999998
86,-95.108871,29.599874
87,-95.109055,29.599087
88,-95.109261,29.598352000000002
89,-95.109406,29.597565000000003
90,-95.109596,29.596811
91,-95.109879,29.596039
92,-95.110123,29.595290999999996
93,-95.110344,29.594540000000002
94,-95.110619,29.593753999999997
95,-95.11090899999999,29.593011999999998
96,-95.111137,29.592243
97,-95.111465,29.591507
98,-95.11171,29.590763
99,-95.111954,29.589993
100,-95.11219799999999,29.589239000000003
101,-95.11238900000001,29.588466999999998
102,-95.11254100000001,29.587729
103,-95.112747,29.586939
104,-95.11286899999999,29.586176000000002
105,-95.11296800000001,29.585407
106,-95.113129,29.584637
107,-95.11324300000001,29.583832
108,-95.113342,29.583096
109,-95.11350999999999,29.582306
110,-95.113647,29.581543
111,-95.113777,29.580753
112,-95.113968,29.580002
113,-95.114082,29.579227000000003
114,-95.11419699999999,29.578457
115,-95.114334,29.577703000000003
116,-95.114494,29.576928999999996
117,-95.114616,29.576171999999996
118,-95.11479200000001,29.575384000000003
119,-95.11488299999999,29.57465
120,-95.11500500000001,29.573874
121,-95.115143,29.573116
122,-95.115219,29.572347999999998
123,-95.115349,29.571569
124,-95.115349,29.570801
125,-95.115349,29.570032
126,-95.115463,29.569296
127,-95.115494,29.568521
128,-95.115463,29.567755
129,-95.115349,29.566986
130,-95.115349,29.566235
131,-95.115349,29.565459999999998
132,-95.115349,29.564707000000002
133,-95.115349,29.563971000000002
134,-95.115349,29.563202
135,-95.115349,29.562439
136,-95.115303,29.56167
137,-95.115143,29.560917
138,-95.115143,29.560191999999997
139,-95.115143,29.559421999999998
140,-95.115143,29.558676000000002
141,-95.115143,29.557921999999998
142,-95.115143,29.557185999999998
143,-95.115143,29.556452
144,-95.115143,29.555715999999997
145,-95.115143,29.554973999999998
146,-95.115143,29.554235
147,-95.115143,29.553516
148,-95.115143,29.552761
149,-95.115143,29.552042
150,-95.11507399999999,29.551311
151,-95.11499,29.550613000000002
152,-95.114929,29.549896
153,-95.114761,29.549173
154,-95.114594,29.548481
155,-95.114395,29.547815000000003
156,-95.114227,29.54715
157,-95.11393000000001,29.546515000000003
158,-95.113701,29.545871999999996
159,-95.113365,29.545242
160,-95.113052,29.544607
161,-95.112717,29.543985
162,-95.112404,29.543402
163,-95.111977,29.542840999999996
164,-95.111549,29.542267
165,-95.111115,29.541722999999998
166,-95.110649,29.541173999999998
167,-95.110184,29.540640000000003
168,-95.109726,29.540112
169,-95.10928299999999,29.539576
170,-95.10882600000001,29.539013
171,-95.108376,29.538491999999998
172,-95.107925,29.537909000000003
173,-95.107445,29.53738
174,-95.10697900000001,29.536828999999997
175,-95.10652900000001,29.536265999999998
176,-95.106094,29.535696
177,-95.105583,29.535162
178,-95.10509499999999,29.534601000000002
179,-95.104614,29.534027000000002
180,-95.10412600000001,29.533520000000003
181,-95.10365300000001,29.532934
182,-95.103165,29.532384999999998
183,-95.102631,29.531855
184,-95.102135,29.531281
185,-95.10163100000001,29.530703999999997
186,-95.10114300000001,29.530140000000003
187,-95.10063199999999,29.529590999999996
188,-95.100128,29.529057
189,-95.099625,29.528463000000002
190,-95.099121,29.527905
191,-95.09863299999999,29.527338
192,-95.09816,29.526752000000002
193,-95.097672,29.526188
194,-95.097153,29.525614
195,-95.096642,29.525036
196,-95.096153,29.524471000000002
197,-95.095665,29.523899
198,-95.095192,29.523321000000003
199,-95.094688,29.522757000000002
200,-95.094185,29.522185999999998
201,-95.093704,29.521601
202,-95.093216,29.52103
203,-95.09272,29.520471999999998
204,-95.092285,29.519888
205,-95.09182,29.519283
206,-95.09137,29.518682000000002
207,-95.090935,29.518121999999998
208,-95.090469,29.517528999999996
209,-95.08998100000001,29.516918
210,-95.089523,29.516352
211,-95.089066,29.515765999999996
212,-95.088577,29.515202000000002
213,-95.08811999999999,29.514627
214,-95.08764599999999,29.51405
215,-95.087181,29.513485
216,-95.08671600000001,29.512913
217,-95.08624300000001,29.512283
218,-95.08577,29.511722999999996
219,-95.085289,29.511128999999997
220,-95.084793,29.510547999999996
221,-95.084335,29.509929999999997
222,-95.083878,29.509363
223,-95.08339699999999,29.508748999999998
224,-95.082932,29.508166999999997
225,-95.082458,29.507563
226,-95.08199300000001,29.506946999999997
227,-95.081512,29.506327000000002
228,-95.08107,29.505722
229,-95.08058199999999,29.505102
230,-95.080109,29.504497999999998
231,-95.079636,29.503870000000003
232,-95.07914,29.503256
233,-95.078659,29.502636
234,-95.078201,29.501995
235,-95.07770500000001,29.501364000000002
236,-95.077225,29.500751
237,-95.076736,29.500092
238,-95.076256,29.499440999999997
239,-95.07579,29.498806
240,-95.075333,29.498184000000002
241,-95.074844,29.497519
242,-95.074318,29.496862
243,-95.073853,29.496230999999998
244,-95.073364,29.495575
245,-95.072891,29.494946000000002
246,-95.07240300000001,29.494293
247,-95.071915,29.493631
248,-95.071396,29.492987
249,-95.070938,29.492319000000002
250,-95.070419,29.491669
251,-95.069939,29.490976
252,-95.069489,29.49033
253,-95.068985,29.489643
254,-95.068497,29.488953000000002
255,-95.067963,29.4883
256,-95.06746700000001,29.487616
257,-95.06694,29.486947999999998
258,-95.06645999999999,29.486278999999996
259,-95.065887,29.485590000000002
260,-95.065353,29.484935999999998
261,-95.064835,29.484271999999997
262,-95.064316,29.483582000000002
263,-95.063797,29.482895000000003
264,-95.063271,29.482227
265,-95.062737,29.481540999999996
266,-95.06223299999999,29.48085
267,-95.061722,29.480164000000002
268,-95.061165,29.479481
269,-95.06066899999999,29.478794
270,-95.060158,29.478104
271,-95.059624,29.477417
272,-95.059151,29.476765000000004
273,-95.05860899999999,29.476084000000004
274,-95.05809,29.475388
275,-95.057594,29.474721999999996
276,-95.05708299999999,29.474087
277,-95.056564,29.473415000000003
278,-95.056076,29.472744
279,-95.055588,29.472095
280,-95.055099,29.471429999999998
281,-95.054634,29.47077
282,-95.054153,29.470122999999997
283,-95.053673,29.469466999999998
284,-95.05319200000001,29.46883
285,-95.052696,29.46818
286,-95.052208,29.46755
287,-95.05171999999999,29.466913
288,-95.051247,29.466274
289,-95.05074300000001,29.465643
290,-95.05024,29.465011999999998
291,-95.049759,29.464385999999998
292,-95.049255,29.463751000000002
293,-95.04875200000001,29.463139
294,-95.048271,29.462513
295,-95.047752,29.461918
296,-95.047249,29.4613
297,-95.046738,29.460672
298,-95.046249,29.460078999999997
299,-95.045753,29.459463
300,-95.04525,29.458878000000002
301,-95.044724,29.458258
302,-95.044189,29.457696999999996
303,-95.043678,29.457103999999998
304,-95.04312900000001,29.456493
305,-95.042587,29.455927000000003
306,-95.042038,29.455340999999997
307,-95.041489,29.454777000000004
308,-95.040909,29.454203000000003
309,-95.040352,29.453625
310,-95.03978000000001,29.453043
311,-95.039192,29.452416999999997
312,-95.03868100000001,29.451859000000002
313,-95.03813199999999,29.451279
314,-95.037544,29.450653000000003
315,-95.037025,29.450084999999998
316,-95.03647600000001,29.449488
317,-95.035881,29.448883000000002
318,-95.03537800000001,29.448307
319,-95.034813,29.447703999999998
320,-95.034286,29.447102
321,-95.033737,29.446537
322,-95.033188,29.445934
323,-95.032669,29.445333
324,-95.032143,29.444767
325,-95.031631,29.444178000000004
326,-95.031082,29.443619
327,-95.030571,29.443058
328,-95.030006,29.442465000000002
329,-95.029495,29.441898
330,-95.02896899999999,29.441326
331,-95.028458,29.44075
332,-95.027962,29.440222
333,-95.027412,29.439667
334,-95.026901,29.439097999999998
335,-95.026398,29.438519
336,-95.025894,29.437952000000003
337,-95.025406,29.437389000000003
338,-95.024826,29.436834
339,-95.024307,29.436284999999998
340,-95.023758,29.435757000000002
341,-95.023178,29.435222999999997
342,-95.02260600000001,29.434692
343,-95.022064,29.434137
344,-95.02153,29.433605
345,-95.021004,29.433039
346,-95.020439,29.432509999999997
347,-95.01994300000001,29.431946000000003
348,-95.019386,29.431427000000003
349,-95.018837,29.430859
350,-95.018326,29.430325
351,-95.01778399999999,29.429764000000002
352,-95.01722,29.429251
353,-95.016693,29.42868
354,-95.01619699999999,29.428146
355,-95.015648,29.427592999999998
356,-95.015121,29.427017
357,-95.01460300000001,29.426503999999998
358,-95.01409100000001,29.425934
359,-95.013573,29.425365000000003
360,-95.01303100000001,29.424831
361,-95.012527,29.424271
362,-95.01200899999999,29.423706
363,-95.01149000000001,29.423136
364,-95.01095600000001,29.422619
365,-95.010452,29.422039
366,-95.009949,29.421473
367,-95.009445,29.420925
368,-95.008942,29.420389
369,-95.008415,29.419806
370,-95.007896,29.419245
371,-95.007401,29.41869
372,-95.00692,29.418163
373,-95.00638599999999,29.417578000000002
374,-95.005936,29.417028000000002
375,-95.005409,29.416497999999997
376,-95.004921,29.415924
377,-95.004425,29.415365
378,-95.003929,29.414831
379,-95.003433,29.414265000000004
380,-95.002907,29.413717
381,-95.002403,29.413177
382,-95.0019,29.412601000000002
383,-95.00138100000001,29.412066999999997
384,-95.000854,29.411518
385,-95.000351,29.410985999999998
386,-94.999847,29.410431
387,-94.999336,29.409855
388,-94.99884,29.409307000000002
389,-94.998329,29.408771999999995
390,-94.997849,29.408207
391,-94.99733,29.407614000000002
392,-94.99681899999999,29.407055
393,-94.996338,29.406488
394,-94.995834,29.405903000000002
395,-94.995308,29.405338
396,-94.994827,29.4048
397,-94.99430799999999,29.404186
398,-94.99382,29.403622
399,-94.99335500000001,29.403049
400,-94.99282099999999,29.402471999999996
401,-94.99233199999999,29.401907
402,-94.991821,29.401336999999998
403,-94.991325,29.400751
404,-94.990829,29.400181
405,-94.990364,29.39957
406,-94.98981500000001,29.398986999999998
407,-94.989334,29.398417
408,-94.988831,29.397818
409,-94.98835,29.397221000000002
410,-94.987877,29.396627000000002
411,-94.98735,29.396069
412,-94.986885,29.395435
413,-94.986366,29.394863
414,-94.985863,29.394266
415,-94.985374,29.393666999999997
416,-94.984879,29.393096999999997
417,-94.98436,29.392475
418,-94.983871,29.391888
419,-94.983368,29.39126
420,-94.982872,29.390696999999996
421,-94.982407,29.390076
422,-94.981903,29.389496
423,-94.981422,29.388873999999998
424,-94.980896,29.388284999999996
425,-94.980408,29.387655
426,-94.979897,29.387089000000003
427,-94.979385,29.386447999999998
428,-94.97886700000001,29.385889000000002
429,-94.978363,29.385272999999998
430,-94.977859,29.384667999999998
431,-94.97734799999999,29.384052
432,-94.97686800000001,29.383469
433,-94.976341,29.382842999999998
434,-94.975853,29.382233000000003
435,-94.97532700000001,29.381632
436,-94.974838,29.381006
437,-94.974319,29.380396
438,-94.973763,29.379812
439,-94.973228,29.37919
440,-94.97261,29.378641
441,-94.972023,29.378094
442,-94.971397,29.377527
443,-94.970749,29.37698
444,-94.970108,29.376476
445,-94.969421,29.37598
446,-94.968765,29.375477000000004
447,-94.968071,29.374989000000003
448,-94.9674,29.374475
449,-94.96674300000001,29.373993
450,-94.96605699999999,29.373473999999998
451,-94.965347,29.37298
452,-94.96464499999999,29.372501
453,-94.963913,29.37207
454,-94.963181,29.371609000000003
455,-94.96238699999999,29.371212
456,-94.961617,29.3708
457,-94.960831,29.370417
458,-94.960045,29.370075
459,-94.959213,29.369740000000004
460,-94.95845,29.369394
461,-94.957596,29.369040000000002
462,-94.956802,29.368703999999997
463,-94.95597099999999,29.368362
464,-94.95517,29.368036
465,-94.95436099999999,29.367702
466,-94.953537,29.367346
467,-94.952736,29.367008000000002
468,-94.95192,29.36668
469,-94.95111800000001,29.366327000000002
470,-94.950294,29.365993
471,-94.949471,29.36565
472,-94.948662,29.365307
473,-94.9478,29.364956
474,-94.946999,29.364618
475,-94.946152,29.364278999999996
476,-94.94532,29.363934000000004
477,-94.94453399999999,29.363598
478,-94.94368,29.363265999999996
479,-94.942825,29.362940000000002
480,-94.941978,29.362591
481,-94.9412,29.362246999999996
482,-94.94032299999999,29.361908000000003
483,-94.939468,29.361561
484,-94.938614,29.361221
485,-94.93782,29.360870000000002
486,-94.93697399999999,29.360538000000002
487,-94.936111,29.360193
488,-94.935272,29.359833000000002
489,-94.934494,29.359463
490,-94.93364,29.359106
491,-94.932785,29.358753000000004
492,-94.931931,29.358408
493,-94.931129,29.358023
494,-94.930298,29.357684999999996
495,-94.929413,29.35734
496,-94.928558,29.356958000000002
497,-94.927704,29.356619
498,-94.926857,29.356268
499,-94.926071,29.3559
500,-94.925217,29.355555
501,-94.924362,29.3552
502,-94.923508,29.354839000000002
503,-94.922699,29.354452000000002
504,-94.921883,29.354095
505,-94.921066,29.353720000000003
506,-94.920242,29.353338
507,-94.919449,29.352946999999997
508,-94.918625,29.352545000000003
509,-94.917831,29.352177
510,-94.917068,29.351776
511,-94.916267,29.351384999999997
512,-94.915497,29.350991999999998
513,-94.91471899999999,29.350592
514,-94.91390200000001,29.350183
515,-94.91313199999999,29.349798
516,-94.912361,29.349429999999998
517,-94.911575,29.349049
518,-94.91082,29.348639000000002
519,-94.91008000000001,29.348227
520,-94.909302,29.347763
521,-94.908585,29.347315000000002
522,-94.907883,29.346871999999998
523,-94.907173,29.346386
524,-94.906448,29.345941999999997
525,-94.905716,29.345514
526,-94.904938,29.345133
527,-94.90419,29.344727000000002
528,-94.90342700000001,29.344371999999996
529,-94.90263399999999,29.344095000000003
530,-94.901794,29.343821000000002
531,-94.901016,29.343573
532,-94.900185,29.343349
533,-94.899376,29.343094
534,-94.898605,29.342871000000002
535,-94.897789,29.342663
536,-94.89698800000001,29.342464
537,-94.896202,29.3423
538,-94.895363,29.342147999999998
539,-94.894554,29.34201
540,-94.89373,29.341913
541,-94.89292900000001,29.341735999999997
542,-94.892075,29.341625
543,-94.891296,29.341558000000003
544,-94.890457,29.341394
545,-94.889664,29.341348999999997
546,-94.88884,29.341223
547,-94.888046,29.341155999999998
548,-94.88718399999999,29.341059
549,-94.886429,29.341059
550,-94.885551,29.340878000000004
551,-94.88473499999999,29.340878000000004
552,-94.883926,29.340878000000004
553,-94.883072,29.340734
554,-94.88230899999999,29.340702
555,-94.881454,29.340702
556,-94.88063000000001,29.340702
557,-94.87982199999999,29.340702
558,-94.878967,29.340702
559,-94.878136,29.340702
560,-94.877335,29.340702
561,-94.876465,29.340702
562,-94.87559499999999,29.340702
563,-94.874802,29.340702
564,-94.87397800000001,29.340702
565,-94.87312299999999,29.340702
566,-94.87226899999999,29.340702
567,-94.87146800000001,29.340702
568,-94.870644,29.340702
569,-94.86977399999999,29.340809000000004
570,-94.868912,29.340878000000004
571,-94.868057,29.340878000000004
572,-94.86721,29.340878000000004
573,-94.866417,29.340878000000004
574,-94.865562,29.340915999999996
575,-94.8647,29.341059
576,-94.863846,29.341059
577,-94.86299100000001,29.341059
578,-94.862137,29.341059
579,-94.861351,29.341076
580,-94.860519,29.341223
581,-94.859657,29.341223
582,-94.858788,29.341223
583,-94.857933,29.341288
584,-94.857147,29.341394
585,-94.85629300000001,29.341394
586,-94.85543100000001,29.341446
587,-94.854614,29.341558000000003
588,-94.853806,29.341558000000003
589,-94.852951,29.34165
590,-94.852188,29.341735999999997
591,-94.851326,29.341808
592,-94.85051,29.341913
593,-94.849701,29.34201
594,-94.848892,29.342077000000003
595,-94.848045,29.342234
596,-94.84724399999999,29.3423
597,-94.84642,29.342413
598,-94.84565699999999,29.342540999999997
599,-94.844803,29.342627
600,-94.84404,29.34277
601,-94.84320100000001,29.342869
602,-94.842407,29.342951
603,-94.84159100000001,29.343109000000002
604,-94.84079,29.343196999999996
605,-94.83998100000001,29.343283000000003
606,-94.839218,29.343414000000003
607,-94.838417,29.343465999999996
608,-94.837631,29.343624
609,-94.836838,29.343698999999997
610,-94.83602900000001,29.343805
611,-94.835258,29.343933000000003
612,-94.83448800000001,29.343998
613,-94.833725,29.344140999999997
614,-94.832962,29.344208000000002
615,-94.832176,29.344305
616,-94.831398,29.344416
617,-94.83058199999999,29.344482
618,-94.82983399999999,29.344608
619,-94.829048,29.344659999999998
620,-94.828293,29.344772
621,-94.827499,29.344824
622,-94.826706,29.344944
623,-94.825905,29.344995
624,-94.825127,29.345093
625,-94.82435600000001,29.345159999999996
626,-94.82356999999999,29.345215000000003
627,-94.822769,29.345340999999998
628,-94.821976,29.345340999999998
629,-94.821167,29.345499
630,-94.820412,29.345515999999996
631,-94.81955,29.345515999999996
632,-94.818779,29.345682
633,-94.817986,29.345682
634,-94.817154,29.345696999999998
635,-94.81639100000001,29.345856
636,-94.815598,29.345856
637,-94.81478100000001,29.345996999999997
638,-94.813988,29.346048
639,-94.813202,29.346195
640,-94.812393,29.346302
641,-94.811607,29.346409
642,-94.810829,29.346552000000003
643,-94.81004300000001,29.34668
644,-94.80928,29.346798
645,-94.808456,29.346923999999998
646,-94.80765500000001,29.347052
647,-94.806854,29.347209999999997
648,-94.806076,29.347340000000003
649,-94.805313,29.347439
650,-94.804512,29.34757
651,-94.803719,29.347727000000003
652,-94.80291700000001,29.347839
653,-94.802109,29.34798
654,-94.801346,29.348104
655,-94.800537,29.348263
656,-94.79974399999999,29.348413
657,-94.798965,29.348536
658,-94.79818,29.348672999999998
659,-94.797379,29.348809999999997
660,-94.79656999999999,29.348941999999997
661,-94.79576899999999,29.349102000000002
662,-94.79496,29.349228000000004
663,-94.794151,29.349346
664,-94.793304,29.349463
665,-94.792526,29.349615000000004
666,-94.791702,29.349715999999997
667,-94.790901,29.349816999999998
668,-94.79007,29.349976
669,-94.789276,29.350101000000002
670,-94.78840600000001,29.350215999999996
671,-94.78761300000001,29.350316999999997
672,-94.78675799999999,29.350489000000003
673,-94.785904,29.350604999999998
674,-94.785103,29.350744
675,-94.784286,29.350884999999998
676,-94.78343199999999,29.351028000000003
677,-94.782578,29.351175
678,-94.781723,29.351349
679,-94.780869,29.351490000000002
680,-94.780037,29.35162
681,-94.779236,29.351757
682,-94.778374,29.351919
683,-94.77750400000001,29.352062
684,-94.776657,29.352209000000002
685,-94.775772,29.352362
686,-94.774918,29.352512
687,-94.774063,29.352655
688,-94.773209,29.352833
689,-94.772354,29.352978000000004
690,-94.7715,29.353128
691,-94.770645,29.353286999999998
692,-94.769821,29.353436
693,-94.769012,29.353597999999998
694,-94.768127,29.353756
695,-94.767258,29.353921999999997
696,-94.766434,29.354065000000002
697,-94.765587,29.354202
698,-94.764702,29.354334
699,-94.763847,29.354452000000002
700,-94.762985,29.354609999999997
701,-94.76213100000001,29.354772999999998
702,-94.761337,29.354903999999998
703,-94.760513,29.355021
704,-94.759659,29.355145
705,-94.758804,29.355290999999998
706,-94.757942,29.355417
707,-94.757126,29.355524
708,-94.75631700000001,29.355646000000004
709,-94.755447,29.355778000000004
710,-94.754623,29.355839000000003
711,-94.753799,29.355982
712,-94.752945,29.356098
713,-94.75209,29.356165
714,-94.751266,29.356327
715,-94.750473,29.356415000000002
716,-94.749619,29.356503000000004
717,-94.748825,29.356634000000003
718,-94.747986,29.356701
719,-94.74713100000001,29.356841999999997
720,-94.746284,29.356949
721,-94.745499,29.357034999999996
722,-94.744629,29.357182
723,-94.743759,29.357306
724,-94.74294300000001,29.357431
725,-94.742142,29.357554999999998
726,-94.741295,29.357702000000003
727,-94.740433,29.357840000000003
728,-94.73966999999999,29.357956
729,-94.73880799999999,29.358093
730,-94.737938,29.358252
731,-94.737076,29.358393
732,-94.73628199999999,29.358557
733,-94.735451,29.358713
734,-94.734589,29.358859999999996
735,-94.733734,29.35902
736,-94.732872,29.35918
737,-94.732101,29.359318
738,-94.731247,29.359467
739,-94.73039200000001,29.359603999999997
740,-94.729538,29.359762
741,-94.72868299999999,29.359928000000004
742,-94.72782099999999,29.360071
743,-94.72702,29.360233
744,-94.726173,29.360332
745,-94.725319,29.360449
746,-94.724464,29.36062
747,-94.723602,29.360703000000004
748,-94.722824,29.360803999999998
749,-94.72197,29.360962
750,-94.721115,29.361072999999998
751,-94.720261,29.361187
752,-94.719406,29.361317
753,-94.718636,29.361492
754,-94.717789,29.361658000000002
755,-94.716934,29.361843
756,-94.716049,29.362049
757,-94.715195,29.362249
758,-94.714409,29.362441999999998
759,-94.71354699999999,29.362640000000003
760,-94.7127,29.362869
761,-94.711853,29.363058000000002
762,-94.71108199999999,29.363259999999997
763,-94.710228,29.363464
764,-94.709373,29.363657
765,-94.708511,29.363885999999997
766,-94.707657,29.364096000000004
767,-94.706802,29.364303999999997
768,-94.70594799999999,29.364513
769,-94.705093,29.364725
770,-94.704277,29.364922999999997
771,-94.70339200000001,29.365107000000002
772,-94.702492,29.365284000000003
773,-94.70163000000001,29.365438
774,-94.700775,29.365596999999998
775,-94.699913,29.365778000000002
776,-94.69905899999999,29.365906
777,-94.698135,29.366007
778,-94.69725,29.366131
779,-94.696396,29.366278
780,-94.69545699999999,29.366404
781,-94.694603,29.366528000000002
782,-94.693703,29.366632
783,-94.69279499999999,29.366796
784,-94.69191,29.366934000000004
785,-94.69099399999999,29.367065000000004
786,-94.690079,29.367207
787,-94.689194,29.367365000000003
788,-94.688255,29.367517
789,-94.687332,29.367676
790,-94.686417,29.367853000000004
791,-94.685501,29.368021000000002
792,-94.684555,29.368184999999997
793,-94.68364,29.368362
794,-94.682693,29.368551
795,-94.68180100000001,29.368708
796,-94.680847,29.368911999999998
797,-94.679916,29.36908
798,-94.679001,29.369274
799,-94.678062,29.369442
800,-94.67716999999999,29.369608000000003
801,-94.676231,29.369797
802,-94.675278,29.369970000000002
803,-94.674362,29.370147999999997
804,-94.673424,29.370319
805,-94.672501,29.370489000000003
806,-94.67156999999999,29.370663
807,-94.670624,29.370813000000002
808,-94.66969300000001,29.370983000000003
809,-94.668747,29.371164
810,-94.667816,29.371334
811,-94.666855,29.3715
812,-94.665939,29.371674
813,-94.66499300000001,29.371845
814,-94.66407,29.372040000000002
815,-94.66310899999999,29.372222999999998
816,-94.662231,29.37241
817,-94.661293,29.372593
818,-94.66035500000001,29.372807
819,-94.65947,29.37302
820,-94.658546,29.373199
821,-94.657616,29.373409000000002
822,-94.656738,29.373592
823,-94.655838,29.373784999999998
824,-94.654938,29.373981
825,-94.654037,29.374146000000003
826,-94.653122,29.374319
827,-94.652252,29.374484999999996
828,-94.651337,29.374643
829,-94.650475,29.37475
830,-94.649551,29.374871999999996
831,-94.648666,29.374954
832,-94.64778100000001,29.375035999999998
833,-94.646873,29.375035999999998
834,-94.646011,29.375055
835,-94.645065,29.375107
836,-94.644211,29.375055
837,-94.64335600000001,29.375035999999998
838,-94.642433,29.375035999999998
839,-94.64155600000001,29.375035999999998
840,-94.640701,29.374887
841,-94.639847,29.374871999999996
842,-94.638901,29.374762
843,-94.638046,29.374695000000003
844,-94.63717700000001,29.374552
845,-94.63633,29.374516999999997
846,-94.63544499999999,29.374353000000003
847,-94.634506,29.374271000000004
848,-94.633682,29.374182
849,-94.63279,29.374018
850,-94.631935,29.373890000000003
851,-94.63108100000001,29.373768
852,-94.63015,29.373641999999997
853,-94.629272,29.373495000000002
854,-94.628403,29.373333000000002
855,-94.627548,29.373179999999998
856,-94.626663,29.373034999999998
857,-94.625755,29.372875
858,-94.624901,29.372715000000003
859,-94.62404599999999,29.372546999999997
860,-94.62309300000001,29.372396000000002
861,-94.622238,29.372238
862,-94.62138399999999,29.37207
863,-94.62046099999999,29.371921999999998
864,-94.61958299999999,29.371754
865,-94.618729,29.371607
866,-94.617874,29.371434999999998
867,-94.616959,29.371285999999998
868,-94.616074,29.371128000000002
869,-94.615204,29.370965999999996
870,-94.614357,29.370815000000004
871,-94.613495,29.370646999999998
872,-94.612625,29.370487
873,-94.611778,29.370321
874,-94.610863,29.370147999999997
875,-94.609962,29.369949
876,-94.60910799999999,29.369784999999997
877,-94.608307,29.369595
878,-94.60746800000001,29.369411
879,-94.606613,29.369202
880,-94.605766,29.368977
881,-94.604904,29.368778000000002
882,-94.60405,29.368571999999997
883,-94.603195,29.368343
884,-94.60234799999999,29.368099
885,-94.601547,29.367895
886,-94.600723,29.367645
887,-94.59983100000001,29.367420000000003
888,-94.59897600000001,29.367184
889,-94.598122,29.366968
890,-94.59725999999999,29.366714
891,-94.596451,29.36647
892,-94.59562700000001,29.366215000000004
893,-94.59477199999999,29.365993
894,-94.593918,29.365703999999997
895,-94.593063,29.365472999999998
896,-94.59227,29.365184999999997
897,-94.59144599999999,29.364914000000002
898,-94.590561,29.364634999999996
899,-94.589737,29.364338
900,-94.588844,29.364084000000002
901,-94.58802800000001,29.363794
902,-94.587204,29.363498999999997
903,-94.586349,29.363229999999998
904,-94.585495,29.362940000000002
905,-94.584641,29.362640000000003
906,-94.583786,29.362371000000003
907,-94.582932,29.362082
908,-94.582138,29.361760999999998
909,-94.581253,29.361490000000003
910,-94.580368,29.361171999999996
911,-94.579536,29.360851
912,-94.578751,29.360538000000002
913,-94.57785799999999,29.36021
914,-94.577003,29.359879
915,-94.57609599999999,29.359572999999997
916,-94.575211,29.359232000000002
917,-94.574341,29.358881
918,-94.573471,29.358541
919,-94.57261700000001,29.358194
920,-94.57176199999999,29.357889
921,-94.570908,29.357559000000002
922,-94.57002299999999,29.357204
923,-94.569115,29.356878000000002
924,-94.56826,29.356571000000002
925,-94.567307,29.356253000000002
926,-94.566452,29.355953000000003
927,-94.56551400000001,29.355697999999997
928,-94.564575,29.355396000000002
929,-94.56366,29.355178999999996
930,-94.562706,29.354903999999998
931,-94.56178299999999,29.354681
932,-94.560806,29.354485999999998
933,-94.559845,29.354336
934,-94.558853,29.354197999999997
935,-94.557877,29.354071
936,-94.5569,29.353921999999997
937,-94.55592299999999,29.353809000000002
938,-94.554939,29.353756
939,-94.553947,29.353613
940,-94.552948,29.353579999999997
941,-94.551949,29.35347
942,-94.55098000000001,29.353399
943,-94.549988,29.353306
944,-94.548996,29.353234999999998
945,-94.548035,29.353098
946,-94.547012,29.353046000000003
947,-94.546036,29.3529
948,-94.545029,29.352825
949,-94.544083,29.352721999999996
950,-94.543121,29.352579
951,-94.54213,29.352496999999996
952,-94.54118299999999,29.352381
953,-94.540184,29.352242999999998
954,-94.53920699999999,29.352141999999997
955,-94.538261,29.352045
956,-94.53729200000001,29.351864000000003
957,-94.536331,29.351740000000003
958,-94.53535500000001,29.35162
959,-94.534363,29.351507
960,-94.533401,29.351349
961,-94.532455,29.351191999999998
962,-94.531471,29.351063
963,-94.53053299999999,29.350921999999997
964,-94.52954100000001,29.350779
965,-94.52861,29.350635999999998
966,-94.527641,29.350489000000003
967,-94.52669499999999,29.350336
968,-94.525764,29.350203999999998
969,-94.524765,29.350042
970,-94.523849,29.349884000000003
971,-94.522842,29.349751
972,-94.521896,29.349615000000004
973,-94.52095,29.349445000000003
974,-94.519989,29.349279
975,-94.519028,29.3491
976,-94.518036,29.348923
977,-94.517067,29.348761
978,-94.516129,29.348587
979,-94.515121,29.3484
980,-94.514137,29.348211
981,-94.513199,29.348013
982,-94.51217700000001,29.347828000000003
983,-94.5112,29.347640999999996
984,-94.510231,29.347458000000003
985,-94.50927,29.347296000000004
986,-94.508278,29.347202000000003
987,-94.507263,29.347052
988,-94.506241,29.346989
989,-94.505219,29.346888
990,-94.504204,29.346888
991,-94.50322,29.346888
992,-94.502213,29.346888
993,-94.501175,29.346888
994,-94.500168,29.346888
995,-94.49916800000001,29.346888
996,-94.498177,29.346984999999997
997,-94.49715400000001,29.347052
998,-94.49616999999999,29.347209999999997
999,-94.495193,29.347340000000003
1000,-94.494194,29.347503999999997
1001,-94.493202,29.347671999999996
1002,-94.492249,29.347858000000002
1003,-94.49125699999999,29.34811
1004,-94.49029499999999,29.348346999999997
1005,-94.489349,29.348653999999996
1006,-94.48838,29.348932
1007,-94.487473,29.349247
1008,-94.486542,29.349590000000003
1009,-94.485641,29.349978999999998
1010,-94.484726,29.350403000000004
1011,-94.483871,29.350851000000002
1012,-94.483017,29.351329999999997
1013,-94.482224,29.351788
1014,-94.4814,29.352301
1015,-94.480591,29.352865
1016,-94.479881,29.353424
1017,-94.479118,29.353997999999997
1018,-94.478386,29.354618
1019,-94.47766899999999,29.3552
1020,-94.476997,29.355853999999997
1021,-94.476326,29.356495000000002
1022,-94.475693,29.357151
1023,-94.475075,29.357853000000002
1024,-94.47447199999999,29.358562
1025,-94.4739,29.359271999999997
1026,-94.473351,29.360021999999997
1027,-94.472801,29.360773
1028,-94.472321,29.361515
1029,-94.47184,29.362329
1030,-94.47142,29.363125
1031,-94.470955,29.363964000000003
1032,-94.470573,29.364727000000002
1033,-94.470192,29.365595000000003
1034,-94.46985600000001,29.366451
1035,-94.469543,29.367309999999996
1036,-94.46929899999999,29.368229
1037,-94.469025,29.369120000000002
1038,-94.468849,29.369976
1039,-94.468674,29.370911
1040,-94.468513,29.371832
1041,-94.468376,29.372732
1042,-94.468361,29.373676
1043,-94.46822399999999,29.374613
1044,-94.46815500000001,29.375549
1045,-94.46818499999999,29.376501
1046,-94.468361,29.377421999999996
1047,-94.468376,29.378393
1048,-94.468513,29.37936
1049,-94.468674,29.380283000000002
1050,-94.468819,29.38125
1051,-94.469093,29.382187
1052,-94.46927600000001,29.383139
1053,-94.469635,29.384054
1054,-94.469994,29.385004
1055,-94.470322,29.385937
1056,-94.47068,29.386852
1057,-94.4711,29.387732
1058,-94.471512,29.388683
1059,-94.472031,29.389538
1060,-94.472549,29.390392
1061,-94.473076,29.391277000000002
1062,-94.473679,29.392120000000002
1063,-94.474274,29.392981
1064,-94.47494499999999,29.393757
1065,-94.475594,29.394571000000003
1066,-94.476295,29.39534
1067,-94.477013,29.396117999999998
1068,-94.477753,29.396862
1069,-94.478523,29.397555999999998
1070,-94.479324,29.39827
1071,-94.480179,29.398940999999997
1072,-94.481049,29.399609
1073,-94.481903,29.400292999999998
1074,-94.482826,29.400909000000002
1075,-94.483719,29.401508000000003
1076,-94.484665,29.402065000000004
1077,-94.48563399999999,29.402615
1078,-94.486626,29.403133
1079,-94.487625,29.40365
1080,-94.488632,29.404089000000003
1081,-94.48966999999999,29.404514000000002
1082,-94.490753,29.404882
1083,-94.491844,29.405233000000003
1084,-94.49294300000001,29.405579
1085,-94.494034,29.405909
1086,-94.49515500000001,29.406178000000004
1087,-94.496269,29.406403000000005
1088,-94.497414,29.406601000000002
1089,-94.49855,29.406796000000003
1090,-94.49968,29.406958000000003
1091,-94.50086999999999,29.407089000000003
1092,-94.502037,29.407140999999996
1093,-94.503189,29.407156
1094,-94.50431800000001,29.407211
1095,-94.50550799999999,29.407140999999996
1096,-94.506668,29.407140999999996
1097,-94.507828,29.407059000000004
1098,-94.508957,29.406958000000003
1099,-94.510109,29.406778000000003
1100,-94.511253,29.406567
1101,-94.512375,29.406366
1102,-94.513489,29.406073
1103,-94.514595,29.405834000000002
1104,-94.515701,29.405506
1105,-94.516769,29.405147999999997
1106,-94.51778399999999,29.404770000000003
1107,-94.51886,29.404362
1108,-94.519882,29.403915
1109,-94.520905,29.403463000000002
1110,-94.521858,29.402943
1111,-94.522842,29.40243
1112,-94.523758,29.40189
1113,-94.52464300000001,29.4013
1114,-94.525589,29.400707
1115,-94.526443,29.400066
1116,-94.527298,29.399445
1117,-94.528091,29.398764
1118,-94.52889300000001,29.398092
1119,-94.529625,29.397372999999998
1120,-94.530342,29.396643
1121,-94.53106700000001,29.395893
1122,-94.531754,29.395132
1123,-94.53241700000001,29.394352
1124,-94.533005,29.393589000000002
1125,-94.53355400000001,29.392731
1126,-94.53409599999999,29.391896999999997
1127,-94.534622,29.391088
1128,-94.535088,29.390228000000004
1129,-94.535477,29.389368
1130,-94.535873,29.388446999999996
1131,-94.53625500000001,29.387573
1132,-94.53656,29.386673
1133,-94.53690300000001,29.385763
1134,-94.537201,29.384878000000004
1135,-94.53742199999999,29.383971999999996
1136,-94.537674,29.383035999999997
1137,-94.537819,29.382132000000002
1138,-94.53801,29.381207
1139,-94.538071,29.38027
1140,-94.538208,29.379385
1141,-94.538208,29.378479
1142,-94.538208,29.377522999999997
1143,-94.538208,29.376638
1144,-94.538208,29.375732
1145,-94.538193,29.374777
1146,-94.538055,29.373911
1147,-94.537941,29.372985999999997
1148,-94.537788,29.372128000000004
1149,-94.537575,29.371206
1150,-94.537361,29.370316
1151,-94.537102,29.369457
1152,-94.536873,29.368603000000004
1153,-94.536552,29.367741
1154,-94.53621700000001,29.366885999999997
1155,-94.53582,29.366032
1156,-94.535423,29.365168
1157,-94.534988,29.364404999999998
1158,-94.534538,29.363571000000004
1159,-94.53407299999999,29.362782
1160,-94.53355400000001,29.362009000000004
1161,-94.533012,29.361237
1162,-94.532455,29.360468
1163,-94.531914,29.359737
1164,-94.531273,29.358984000000003
1165,-94.53065500000001,29.358246
1166,-94.530045,29.357565
1167,-94.52934300000001,29.356876
1168,-94.528664,29.35619
1169,-94.527977,29.355499
1170,-94.527283,29.354853000000002
1171,-94.526535,29.354193
1172,-94.52578000000001,29.353556
1173,-94.525002,29.352990999999996
1174,-94.52421600000001,29.352346
1175,-94.52346,29.351725
1176,-94.522667,29.351141
1177,-94.521828,29.350613
1178,-94.520966,29.350071000000003
1179,-94.520111,29.349558000000002
1180,-94.519264,29.349034999999997
1181,-94.518387,29.348532000000002
1182,-94.51747900000001,29.348046999999998
1183,-94.516548,29.347595000000002
1184,-94.51564,29.347189
1185,-94.514687,29.346767
1186,-94.51374100000001,29.346398999999998
1187,-94.51277900000001,29.346008
1188,-94.511833,29.345667
1189,-94.510849,29.345346000000003
1190,-94.509857,29.345036
1191,-94.508904,29.344742
1192,-94.507889,29.344472999999997
1193,-94.506897,29.344208000000002
1194,-94.505875,29.344003999999998
1195,-94.504875,29.343777000000003
1196,-94.503899,29.343601
1197,-94.50286899999999,29.343429999999998
1198,-94.501869,29.343283000000003
1199,-94.50083199999999,29.343128000000004
1200,-94.499832,29.343109000000002
1201,-94.498795,29.342935999999998
1202,-94.497757,29.342935999999998
1203,-94.496719,29.342935999999998
1204,-94.49568199999999,29.342935999999998
1205,-94.494652,29.342935999999998
1206,-94.493645,29.343023
1207,-94.492622,29.343109000000002
1208,-94.491585,29.343196999999996
1209,-94.490555,29.343348
1210,-94.489517,29.343472
1211,-94.48848000000001,29.343653000000003
1212,-94.487488,29.343853000000003
1213,-94.486473,29.344051
1214,-94.485451,29.344238
1215,-94.484459,29.344555
1216,-94.483459,29.344784000000004
1217,-94.48246800000001,29.345078000000004
1218,-94.481499,29.345391999999997
1219,-94.480492,29.345734000000004
1220,-94.47955300000001,29.346079
1221,-94.478577,29.346446999999998
1222,-94.47758499999999,29.346844
1223,-94.476624,29.347233000000003
1224,-94.47567,29.347620000000003
1225,-94.474731,29.348043
1226,-94.473801,29.348499
1227,-94.47287,29.348944
1228,-94.471939,29.349415000000004
1229,-94.470993,29.349899
1230,-94.470108,29.350384000000002
1231,-94.4692,29.350906
1232,-94.468323,29.351429
1233,-94.467392,29.35199
1234,-94.466537,29.35257
1235,-94.465683,29.353140000000003
1236,-94.464828,29.353720000000003
1237,-94.463974,29.354343
1238,-94.46311999999999,29.354971000000003
1239,-94.462349,29.35564
1240,-94.461502,29.356319
1241,-94.460716,29.357015999999998
1242,-94.459938,29.357708000000002
1243,-94.459213,29.358469
1244,-94.458504,29.359228
1245,-94.457779,29.360003999999996
1246,-94.457062,29.360783
1247,-94.456413,29.361578
1248,-94.455772,29.362365999999998
1249,-94.455147,29.363186
1250,-94.45452900000001,29.364040000000003
1251,-94.453964,29.364883000000003
1252,-94.453384,29.365741999999997
1253,-94.45281999999999,29.366591999999997
1254,-94.452278,29.367420000000003
1255,-94.451736,29.368340999999997
1256,-94.45127099999999,29.369197999999997
1257,-94.45079799999999,29.370110999999998
1258,-94.450333,29.371008000000003
1259,-94.449875,29.371912
1260,-94.449463,29.372803
1261,-94.44905899999999,29.373755
1262,-94.448662,29.374640000000003
1263,-94.448288,29.375605
1264,-94.447952,29.376547
1265,-94.44761700000001,29.377527
1266,-94.447357,29.378459999999997
1267,-94.447098,29.379440000000002
1268,-94.446877,29.380426
1269,-94.44664,29.381404999999997
1270,-94.446457,29.382396999999997
1271,-94.446228,29.383383000000002
1272,-94.44612099999999,29.384388
1273,-94.446037,29.385406
1274,-94.446037,29.386422999999997
1275,-94.445999,29.387455
1276,-94.446037,29.388462
1277,-94.446037,29.389471
1278,-94.446037,29.390507
1279,-94.44614399999999,29.391506
1280,-94.446304,29.392527
1281,-94.446465,29.393549
1282,-94.446747,29.394581
1283,-94.44696,29.395596
1284,-94.447273,29.396612
1285,-94.447609,29.397619
1286,-94.448013,29.398605
1287,-94.448418,29.399603000000003
1288,-94.448868,29.400568
1289,-94.44931,29.401559999999996
1290,-94.449844,29.402511999999998
1291,-94.450356,29.403447999999997
1292,-94.45094300000001,29.404384999999998
1293,-94.451561,29.405315
1294,-94.452209,29.406195
1295,-94.45285799999999,29.407131
1296,-94.453537,29.407985999999998
1297,-94.454254,29.408844000000002
1298,-94.454948,29.409703999999998
1299,-94.455765,29.410519
1300,-94.456558,29.41132
1301,-94.457375,29.412109
1302,-94.458206,29.412891
1303,-94.459076,29.413626
1304,-94.459991,29.414371000000003
1305,-94.460876,29.41507
1306,-94.461823,29.415783
1307,-94.462753,29.416449
1308,-94.463669,29.417109000000004
1309,-94.46466099999999,29.417751000000003
1310,-94.465652,29.418339000000003
1311,-94.466629,29.418940999999997
1312,-94.467659,29.419534999999996
1313,-94.468681,29.420065
1314,-94.46968100000001,29.420588000000002
1315,-94.470749,29.421076
1316,-94.47179399999999,29.421564
1317,-94.472862,29.421982
1318,-94.473915,29.422419
1319,-94.475021,29.422867
1320,-94.476089,29.423252
1321,-94.47718,29.423634000000003
1322,-94.478279,29.423975
1323,-94.479362,29.424305
1324,-94.480476,29.424621999999996
1325,-94.481544,29.424921
1326,-94.48268900000001,29.425235999999998
1327,-94.48378000000001,29.425476
1328,-94.484863,29.425709
1329,-94.48601500000001,29.425915000000003
1330,-94.487175,29.426113
1331,-94.488297,29.426266
1332,-94.489441,29.426385999999997
1333,-94.490562,29.426538
1334,-94.491676,29.42659
1335,-94.49282099999999,29.426702000000002
1336,-94.49395,29.426702000000002
1337,-94.495102,29.426702000000002
1338,-94.496246,29.426702000000002
1339,-94.49739100000001,29.426702000000002
1340,-94.49855,29.426702000000002
1341,-94.499672,29.426702000000002
1342,-94.500816,29.426538
1343,-94.501976,29.426538
1344,-94.503128,29.426367
1345,-94.504211,29.426270000000002
1346,-94.505348,29.426111
1347,-94.506447,29.425915000000003
1348,-94.507584,29.425701
1349,-94.508682,29.425435999999998
1350,-94.509773,29.425217
1351,-94.51088,29.4249
1352,-94.511932,29.424564
1353,-94.512962,29.424219
1354,-94.514046,29.423840000000002
1355,-94.515091,29.423458
1356,-94.516068,29.423015999999997
1357,-94.517067,29.422571
1358,-94.518051,29.422092
1359,-94.518974,29.421558
1360,-94.519913,29.421011
1361,-94.52082800000001,29.420446000000002
1362,-94.521683,29.419882
1363,-94.522545,29.41927
1364,-94.523422,29.418644
1365,-94.524208,29.418009
1366,-94.525009,29.417328
1367,-94.525787,29.416629999999998
1368,-94.526466,29.41592
1369,-94.52716099999999,29.415182
1370,-94.52783199999999,29.414433000000002
1371,-94.52842700000001,29.413677000000003
1372,-94.529037,29.412851
1373,-94.52964,29.412043
1374,-94.530159,29.411270000000002
1375,-94.530647,29.410419
1376,-94.531082,29.409565
1377,-94.53151700000001,29.40871
1378,-94.53186,29.407852000000002
1379,-94.532234,29.406896999999997
1380,-94.53256999999999,29.40604
1381,-94.53280600000001,29.405185999999997
1382,-94.533043,29.404257
1383,-94.533218,29.403345
1384,-94.533394,29.402439
1385,-94.533524,29.401501
1386,-94.53357700000001,29.400599
1387,-94.5336,29.399693
1388,-94.533661,29.398788
1389,-94.53357700000001,29.397852
1390,-94.53357700000001,29.396936
1391,-94.533508,29.396016999999997
1392,-94.533333,29.395081
1393,-94.533173,29.394190000000002
1394,-94.532967,29.39327
1395,-94.5327,29.392334
1396,-94.532379,29.391459
1397,-94.532074,29.390549
1398,-94.531723,29.389664
1399,-94.531326,29.388804999999998
1400,-94.530922,29.387951
1401,-94.530434,29.387085
1402,-94.529961,29.386229999999998
1403,-94.529457,29.385412
1404,-94.52894599999999,29.384602
1405,-94.52838100000001,29.383784999999996
1406,-94.52783199999999,29.38298
1407,-94.527237,29.382206
1408,-94.526596,29.381439
1409,-94.525963,29.380676
1410,-94.525299,29.379919
1411,-94.52459,29.379192
1412,-94.523926,29.378490000000003
1413,-94.523155,29.377819
1414,-94.522385,29.377136
1415,-94.521622,29.376459000000004
1416,-94.520844,29.37582
1417,-94.52005799999999,29.375193
1418,-94.519226,29.374572999999998
1419,-94.518425,29.373951
1420,-94.517555,29.373372999999997
1421,-94.516701,29.372738000000002
1422,-94.5158,29.372197999999997
1423,-94.5149,29.37167
1424,-94.514023,29.371134
1425,-94.5131,29.370635999999998
1426,-94.51213800000001,29.370136
1427,-94.511208,29.369656
1428,-94.510254,29.369197999999997
1429,-94.509315,29.368747999999997
1430,-94.508362,29.368343
1431,-94.50737,29.367939
1432,-94.50636300000001,29.367523
1433,-94.505371,29.367132
1434,-94.504402,29.366764
1435,-94.503395,29.366419
1436,-94.502388,29.366083000000003
1437,-94.501366,29.365757000000002
1438,-94.500359,29.365421
1439,-94.499336,29.365118
1440,-94.498352,29.364819
1441,-94.497353,29.364508
1442,-94.496323,29.364246
1443,-94.4953,29.363962
1444,-94.49430100000001,29.363689
1445,-94.493279,29.363443
1446,-94.492249,29.363211
1447,-94.49121099999999,29.362986
1448,-94.490204,29.362789000000003
1449,-94.489166,29.362616
1450,-94.488129,29.362427
1451,-94.487099,29.362274
1452,-94.486069,29.362133
1453,-94.485001,29.361996
1454,-94.483963,29.361862
1455,-94.482895,29.36182
1456,-94.48185699999999,29.361649
1457,-94.480804,29.361612
1458,-94.479782,29.361475
1459,-94.47872199999999,29.361456
1460,-94.477684,29.361303000000003
1461,-94.476608,29.361303000000003
1462,-94.475563,29.361148999999997
1463,-94.474518,29.361139
1464,-94.473465,29.361003999999998
1465,-94.472427,29.360962
1466,-94.471413,29.360915999999996
1467,-94.470337,29.360784999999996
1468,-94.46929899999999,29.360775
1469,-94.468231,29.36062
1470,-94.46719399999999,29.36062
1471,-94.46615600000001,29.360474
1472,-94.465126,29.360449
1473,-94.464066,29.36031
1474,-94.463013,29.360284999999998
1475,-94.461945,29.360146999999998
1476,-94.460922,29.360103999999996
1477,-94.459885,29.359989000000002
1478,-94.458832,29.359928000000004
1479,-94.457809,29.359838
1480,-94.456726,29.359762
1481,-94.45568100000001,29.359740999999996
1482,-94.45461999999999,29.359589
1483,-94.453568,29.359589
1484,-94.452522,29.359528000000005
1485,-94.451454,29.359415000000002
1486,-94.450409,29.359415000000002
1487,-94.449333,29.359415000000002
1488,-94.448273,29.359293
1489,-94.44722,29.359249
1490,-94.446175,29.359249
1491,-94.445137,29.359249
1492,-94.44407700000001,29.359249
1493,-94.44300799999999,29.359207
1494,-94.441978,29.359074
1495,-94.440926,29.359074
1496,-94.439865,29.359074
1497,-94.43885,29.359074
1498,-94.43782,29.359074
1499,-94.436752,29.359074
1500,-94.435738,29.359074
1501,-94.434708,29.359074
1502,-94.43366999999999,29.359074
1503,-94.432625,29.359074
1504,-94.43158000000001,29.359074
1505,-94.43055,29.359152
1506,-94.429512,29.359249
1507,-94.428467,29.359249
1508,-94.427444,29.359249
1509,-94.426392,29.359278000000003
1510,-94.425354,29.359415000000002
1511,-94.424286,29.359415000000002
1512,-94.423264,29.359441999999998
1513,-94.422234,29.359589
1514,-94.421219,29.359589
1515,-94.420151,29.359701
1516,-94.419113,29.359771999999996
1517,-94.418068,29.359928000000004
1518,-94.41703000000001,29.360043
1519,-94.416,29.360241
1520,-94.414986,29.360477000000003
1521,-94.414009,29.360718
1522,-94.412979,29.361044
1523,-94.411987,29.361317
1524,-94.410995,29.361643
1525,-94.410049,29.361996
1526,-94.409088,29.362370000000002
1527,-94.40815699999999,29.362773999999998
1528,-94.407219,29.363194
1529,-94.40634200000001,29.363613
1530,-94.405396,29.364071000000003
1531,-94.40454100000001,29.364552000000003
1532,-94.403664,29.365040000000004
1533,-94.402824,29.365576
1534,-94.401993,29.36611
1535,-94.401176,29.36668
1536,-94.40035999999999,29.367237
1537,-94.399582,29.367828000000003
1538,-94.398834,29.368444
1539,-94.39814,29.369101
1540,-94.397385,29.369746999999997
1541,-94.39666,29.370401
1542,-94.395981,29.371078000000004
1543,-94.395325,29.371796000000003
1544,-94.39469100000001,29.372513
1545,-94.39406600000001,29.373226000000003
1546,-94.39344799999999,29.374008
1547,-94.39286,29.374775
1548,-94.392319,29.375559000000003
1549,-94.391823,29.376369
1550,-94.391281,29.377213
1551,-94.390854,29.378066999999998
1552,-94.390419,29.378946000000003
1553,-94.390015,29.379801
1554,-94.389618,29.380657
1555,-94.38924399999999,29.381597999999997
1556,-94.388962,29.382481
1557,-94.388687,29.383413
1558,-94.388412,29.384369
1559,-94.38820600000001,29.385303000000004
1560,-94.388023,29.386255
1561,-94.387825,29.387213
1562,-94.387726,29.388163
1563,-94.38768,29.389114000000003
1564,-94.38768,29.390095000000002
1565,-94.387627,29.391068
1566,-94.387589,29.392034999999996
1567,-94.38768,29.393009000000003
1568,-94.387726,29.393957
1569,-94.387833,29.394932
1570,-94.38803100000001,29.395901000000002
1571,-94.388153,29.396872
1572,-94.388382,29.397833000000002
1573,-94.38859599999999,29.398788
1574,-94.388901,29.399738
1575,-94.389206,29.400696000000003
1576,-94.389549,29.401646000000003
1577,-94.389893,29.402594
1578,-94.390289,29.403519
1579,-94.390732,29.404434000000002
1580,-94.391228,29.405376
1581,-94.391716,29.406265
1582,-94.39224200000001,29.407181
1583,-94.39280699999999,29.408034999999998
1584,-94.39340200000001,29.408915999999998
1585,-94.39404300000001,29.409785999999997
1586,-94.394669,29.41061
1587,-94.395363,29.411463
1588,-94.396072,29.412252000000002
1589,-94.396828,29.413055
1590,-94.397591,29.413815000000003
1591,-94.398361,29.414540999999996
1592,-94.3992,29.415257
1593,-94.40005500000001,29.415936
1594,-94.400917,29.416615000000004
1595,-94.401855,29.417252
1596,-94.402748,29.417902
1597,-94.403664,29.418467
1598,-94.404617,29.419040999999996
1599,-94.405594,29.419597999999997
1600,-94.406601,29.420094
1601,-94.407578,29.420578000000003
1602,-94.408615,29.421045
1603,-94.409653,29.421469000000002
1604,-94.410698,29.421865000000004
1605,-94.411736,29.422210999999997
1606,-94.41282700000001,29.422546
1607,-94.41391,29.422882
1608,-94.415024,29.423197
1609,-94.4161,29.423455999999998
1610,-94.417183,29.423656
1611,-94.41832,29.423864000000002
1612,-94.419449,29.424038
1613,-94.420578,29.424197999999997
1614,-94.4217,29.424311
1615,-94.422798,29.42445
1616,-94.423935,29.424475
1617,-94.425026,29.424475
1618,-94.42619300000001,29.424475
1619,-94.427277,29.424475
1620,-94.42840600000001,29.424475
1621,-94.42950400000001,29.424475
1622,-94.43061800000001,29.424353000000004
1623,-94.431686,29.424228999999997
1624,-94.432755,29.424107
1625,-94.433846,29.423946
1626,-94.434921,29.423756
1627,-94.435997,29.423547999999997
1628,-94.437057,29.423328
1629,-94.43809499999999,29.423025
1630,-94.43911700000001,29.422689000000002
1631,-94.440147,29.422348
1632,-94.44117,29.422012
1633,-94.44216899999999,29.421612
1634,-94.443138,29.421194
1635,-94.44410699999999,29.420746
1636,-94.445068,29.420252
1637,-94.445992,29.419765
1638,-94.44693000000001,29.41927
1639,-94.447861,29.418736
1640,-94.44873,29.418188
1641,-94.449585,29.417590999999998
1642,-94.450439,29.416985999999998
1643,-94.45129399999999,29.416390999999997
1644,-94.452118,29.415771000000003
1645,-94.452896,29.415131
1646,-94.45369000000001,29.414484
1647,-94.454453,29.413803
1648,-94.455177,29.413090000000004
1649,-94.455894,29.412390000000002
1650,-94.45658900000001,29.411694
1651,-94.457291,29.410934
1652,-94.457932,29.410217
1653,-94.458549,29.409466
1654,-94.459198,29.408666999999998
1655,-94.459763,29.407887
1656,-94.460342,29.407099
1657,-94.460915,29.406311
1658,-94.461411,29.405483
1659,-94.461922,29.404697
1660,-94.46243299999999,29.403834999999997
1661,-94.462906,29.403029999999998
1662,-94.463371,29.402196999999997
1663,-94.463821,29.401379
1664,-94.464226,29.400574
1665,-94.46466099999999,29.399715000000004
1666,-94.465057,29.398859
1667,-94.465439,29.397995
1668,-94.465797,29.397159999999996
1669,-94.46611,29.396328000000004
1670,-94.46639300000001,29.395512
1671,-94.466698,29.394610999999998
1672,-94.466965,29.393711
1673,-94.467224,29.392849
1674,-94.467461,29.391987
1675,-94.467667,29.391129
1676,-94.467842,29.39027
1677,-94.46800999999999,29.389414000000002
1678,-94.46814,29.388515
1679,-94.4683,29.387609
1680,-94.468361,29.386753000000002
1681,-94.468399,29.385895
1682,-94.468513,29.385040000000004
1683,-94.468513,29.384119000000002
1684,-94.468513,29.383236
1685,-94.46846,29.382379999999998
1686,-94.468361,29.381515999999998
1687,-94.468361,29.380575
1688,-94.468216,29.379719
1689,-94.468124,29.378854999999998
1690,-94.46800999999999,29.378
1691,-94.467812,29.377142
1692,-94.467682,29.376286
1693,-94.467476,29.375427000000002
1694,-94.46725500000001,29.374569
1695,-94.467026,29.373707
1696,-94.466766,29.372843
1697,-94.466492,29.371984
1698,-94.46619399999999,29.371129999999997
1699,-94.465897,29.370309999999996
1700,-94.46556899999999,29.369503
1701,-94.46521,29.368646999999996
1702,-94.464828,29.367783000000003
1703,-94.464439,29.366970000000002
1704,-94.464073,29.366156
1705,-94.463631,29.365299
1706,-94.46320300000001,29.364521000000003
1707,-94.462761,29.363663
1708,-94.462303,29.362880999999998
1709,-94.46183,29.362051
1710,-94.461365,29.361263
1711,-94.460861,29.360468
1712,-94.460365,29.359684
1713,-94.459839,29.358921000000002
1714,-94.459305,29.35815
1715,-94.458763,29.35737
1716,-94.458206,29.356655
1717,-94.457672,29.355890000000002
1718,-94.457115,29.355164000000002
1719,-94.456528,29.354443
1720,-94.455933,29.353718
1721,-94.45528399999999,29.353033
1722,-94.454674,29.352346
1723,-94.454025,29.351672999999998
1724,-94.45339200000001,29.351025
1725,-94.452713,29.350368
1726,-94.452042,29.349751
1727,-94.45134,29.349115
1728,-94.450615,29.34849
1729,-94.44989,29.347912
1730,-94.44914200000001,29.347340000000003
1731,-94.448402,29.346791999999997
1732,-94.447609,29.346256
1733,-94.446854,29.345743
1734,-94.446053,29.345236
1735,-94.445206,29.344732
1736,-94.444412,29.34429
1737,-94.443573,29.343826
1738,-94.442719,29.343390000000003
1739,-94.441864,29.342953
1740,-94.44099399999999,29.342553999999996
1741,-94.440063,29.342157
1742,-94.43920899999999,29.341803000000002
1743,-94.438286,29.341465000000003
1744,-94.437363,29.341125
1745,-94.43645500000001,29.34078
1746,-94.435501,29.340504
1747,-94.434547,29.340231
1748,-94.433578,29.340006
1749,-94.432632,29.339783
1750,-94.431641,29.339594
1751,-94.43064100000001,29.339411
1752,-94.42965699999999,29.339304
1753,-94.42866500000001,29.339167
1754,-94.427673,29.339121000000002
1755,-94.426674,29.338989
1756,-94.425636,29.338989
1757,-94.424644,29.338989
1758,-94.42363,29.338989
1759,-94.422577,29.339122999999997
1760,-94.421577,29.339176000000002
1761,-94.42059300000001,29.339331
1762,-94.419563,29.339478000000003
1763,-94.418549,29.339624
1764,-94.41757199999999,29.339828000000004
1765,-94.416588,29.340082000000002
1766,-94.415604,29.340311
1767,-94.414612,29.340611
1768,-94.413666,29.340953999999996
1769,-94.412697,29.341253000000002
1770,-94.411728,29.341595
1771,-94.41078900000001,29.341984000000004
1772,-94.409851,29.342382
1773,-94.408966,29.342809999999997
1774,-94.408051,29.343281
1775,-94.407143,29.343760999999997
1776,-94.40625,29.344213
1777,-94.405396,29.344727000000002
1778,-94.40454100000001,29.345282
1779,-94.403687,29.345856
1780,-94.402908,29.346439
1781,-94.402054,29.346996
1782,-94.40126,29.347621999999998
1783,-94.400467,29.348278000000004
1784,-94.399734,29.348910999999998
1785,-94.399002,29.349597999999997
1786,-94.39825400000001,29.350281
1787,-94.39753,29.350983000000003
1788,-94.39681999999999,29.351709000000003
1789,-94.396156,29.352457
1790,-94.395515,29.353199
1791,-94.394859,29.353968
1792,-94.39424100000001,29.354746000000002
1793,-94.393631,29.355534000000002
1794,-94.393051,29.356333000000003
1795,-94.392471,29.357143
1796,-94.39194499999999,29.358002000000003
1797,-94.391403,29.358856
1798,-94.390915,29.359720000000003
1799,-94.390419,29.360575
1800,-94.389961,29.361475
1801,-94.389542,29.362381
1802,-94.389175,29.363287
1803,-94.388763,29.364221999999998
1804,-94.38844300000001,29.365177000000003
1805,-94.388145,29.366128999999997
1806,-94.387833,29.367071000000003
1807,-94.387535,29.368078000000004
1808,-94.387344,29.369034000000003
1809,-94.38713100000001,29.370026
1810,-94.38694,29.371022999999997
1811,-94.38673399999999,29.372040000000002
1812,-94.386604,29.373043
1813,-94.38646700000001,29.374043
1814,-94.386391,29.375071000000002
1815,-94.386269,29.376103999999998
1816,-94.386269,29.377132
1817,-94.386269,29.378164
1818,-94.386269,29.379215000000002
1819,-94.386375,29.380253000000003
1820,-94.38646700000001,29.381283000000003
1821,-94.386597,29.382343
1822,-94.386772,29.383396
1823,-94.386925,29.384449
1824,-94.38717700000001,29.385477
1825,-94.387375,29.386540999999998
1826,-94.387733,29.387573
1827,-94.38808399999999,29.388596000000003
1828,-94.388481,29.389629
1829,-94.388885,29.390659000000003
1830,-94.38932,29.391653
1831,-94.389786,29.392670000000003
1832,-94.390312,29.393656
1833,-94.390854,29.394627000000003
1834,-94.391434,29.395623999999998
1835,-94.392036,29.396596999999996
1836,-94.39267,29.397546999999996
1837,-94.393333,29.398483000000002
1838,-94.39402,29.399384
1839,-94.39475999999999,29.400318
1840,-94.395523,29.401175
1841,-94.39627800000001,29.402034999999998
1842,-94.397072,29.402889000000002
1843,-94.39791899999999,29.403738
1844,-94.398834,29.404501
1845,-94.399734,29.405246999999996
1846,-94.400681,29.40597
1847,-94.401649,29.406677000000002
1848,-94.402649,29.407309
1849,-94.403671,29.407913
1850,-94.404709,29.408487
1851,-94.405807,29.408981
1852,-94.406891,29.40943
1853,-94.407967,29.409882
1854,-94.409103,29.410259000000003
1855,-94.41023299999999,29.410625
1856,-94.411354,29.410878999999998
1857,-94.412521,29.411123
1858,-94.413696,29.41132
1859,-94.41484799999999,29.411509000000002
1860,-94.416,29.4116
1861,-94.417183,29.411742999999998
1862,-94.41832,29.411773999999998
1863,-94.41947900000001,29.411773999999998
1864,-94.4207,29.411713
1865,-94.42182199999999,29.4116
1866,-94.422958,29.411556
1867,-94.424118,29.411434000000003
1868,-94.425255,29.411282
1869,-94.426369,29.411121
1870,-94.427475,29.410954999999998
1871,-94.428635,29.410785999999998
1872,-94.429771,29.410593
1873,-94.430885,29.410355
1874,-94.432007,29.410151000000003
1875,-94.433159,29.409947999999996
1876,-94.434296,29.409719
1877,-94.43544,29.409481
1878,-94.436516,29.409277000000003
1879,-94.437675,29.409031
1880,-94.43881999999999,29.408794
1881,-94.43995699999999,29.408572999999997
1882,-94.44111600000001,29.408331
1883,-94.442314,29.408112
1884,-94.44345899999999,29.407907
1885,-94.444588,29.407669
1886,-94.44574,29.407434000000002
1887,-94.446884,29.407221000000003
1888,-94.448044,29.407019000000002
1889,-94.449173,29.406796000000003
1890,-94.45030200000001,29.406576
1891,-94.451462,29.406371999999998
1892,-94.45259899999999,29.406168
1893,-94.45369699999999,29.405984999999998
1894,-94.45483399999999,29.405762
1895,-94.455963,29.405558000000003
1896,-94.457077,29.405384
1897,-94.458191,29.405191
1898,-94.459282,29.405003000000004
1899,-94.460388,29.404806
1900,-94.461479,29.404627
1901,-94.462563,29.404455
1902,-94.463669,29.404272
1903,-94.464745,29.404093
1904,-94.465805,29.403915
1905,-94.46684300000001,29.403751
1906,-94.467941,29.403576
1907,-94.468994,29.403402000000003
1908,-94.470055,29.403254999999998
1909,-94.47112299999999,29.403097
1910,-94.472153,29.402953999999998
1911,-94.473167,29.402796000000002
1912,-94.474236,29.402673999999998
1913,-94.47528100000001,29.402511999999998
1914,-94.476318,29.402395000000002
1915,-94.47734799999999,29.402328000000004
1916,-94.478363,29.402161
1917,-94.479362,29.402115000000002
1918,-94.4804,29.401983
1919,-94.481438,29.401940999999997
1920,-94.482445,29.401819
1921,-94.48344399999999,29.4018
1922,-94.484451,29.401647999999998
1923,-94.485451,29.401647999999998
1924,-94.486458,29.401508000000003
1925,-94.48745699999999,29.401484000000004
1926,-94.48844100000001,29.401363
1927,-94.489426,29.401302
1928,-94.49041,29.401224
1929,-94.491364,29.401127000000002
1930,-94.49237099999999,29.401068
1931,-94.493362,29.400961
1932,-94.49434699999999,29.400897999999998
1933,-94.495346,29.400787
1934,-94.496323,29.400726000000002
1935,-94.497337,29.400614
1936,-94.498337,29.400554999999997
1937,-94.499344,29.400447999999997
1938,-94.500336,29.400370000000002
1939,-94.501328,29.400271999999998
1940,-94.502312,29.400171000000004
1941,-94.503326,29.400090999999996
1942,-94.50431800000001,29.399953999999997
1943,-94.505333,29.399927
1944,-94.506332,29.399765000000002
1945,-94.50730899999999,29.399746
1946,-94.508308,29.399590999999997
1947,-94.50930799999999,29.399582000000002
1948,-94.510323,29.399414
1949,-94.51130699999999,29.399414
1950,-94.512283,29.399265000000003
1951,-94.513275,29.399237
1952,-94.514267,29.399134000000004
1953,-94.515259,29.399072999999998
1954,-94.516228,29.399016999999997
1955,-94.517227,29.398901000000002
1956,-94.518204,29.398891
1957,-94.519173,29.398737
1958,-94.52016400000001,29.398737
1959,-94.521149,29.398565
1960,-94.522125,29.398556
1961,-94.52310899999999,29.398441
1962,-94.524086,29.39838
1963,-94.525085,29.39838
1964,-94.52604699999999,29.398239
1965,-94.527023,29.398214000000003
1966,-94.527992,29.398214000000003
1967,-94.528976,29.398083000000003
1968,-94.52996800000001,29.398041
1969,-94.530937,29.398041
1970,-94.531929,29.397999
1971,-94.53290600000001,29.397866999999998
1972,-94.533905,29.397866999999998
1973,-94.534874,29.397866999999998
1974,-94.53583499999999,29.397762
1975,-94.536835,29.397701
1976,-94.537796,29.397701
1977,-94.538742,29.397701
1978,-94.53971899999999,29.397694
1979,-94.540718,29.397526
1980,-94.541702,29.397526
1981,-94.542664,29.397526
1982,-94.543625,29.397526
1983,-94.544601,29.397515999999996
1984,-94.54559300000001,29.397345
1985,-94.546585,29.397345
1986,-94.547554,29.397345
1987,-94.54853100000001,29.397303000000004
1988,-94.54953,29.397181
1989,-94.55049100000001,29.397181
1990,-94.551498,29.397175
1991,-94.55249,29.397009000000004
1992,-94.553444,29.397009000000004
1993,-94.55442,29.396952000000002
1994,-94.555374,29.396845000000003
1995,-94.556381,29.396815999999998
1996,-94.557343,29.396666999999997
1997,-94.558319,29.396641
1998,-94.559311,29.396490000000004
1999,-94.560265,29.396448
2000,-94.56126400000001,29.396326000000002
2001,-94.562241,29.396252
2002,-94.56321,29.396154
2003,-94.564201,29.396032
2004,-94.56517,29.395962
2005,-94.566139,29.395809000000003
2006,-94.567116,29.395731
2007,-94.568054,29.395634
2008,-94.569046,29.395477000000003
2009,-94.569992,29.395386
2010,-94.570938,29.395294
2011,-94.571907,29.395129999999998
2012,-94.572861,29.395046
2013,-94.573814,29.394955
2014,-94.574768,29.394785
2015,-94.575737,29.394678000000003
2016,-94.576683,29.394588
2017,-94.577652,29.394434000000004
2018,-94.578629,29.394341999999998
2019,-94.579575,29.39422
2020,-94.580513,29.394098
2021,-94.58149,29.393946000000003
2022,-94.58244300000001,29.393839
2023,-94.583405,29.393717
2024,-94.584366,29.393579
2025,-94.58532,29.393433
2026,-94.586288,29.393320000000003
2027,-94.587257,29.393197999999998
2028,-94.588181,29.393063
2029,-94.589149,29.392895000000003
2030,-94.590103,29.39278
2031,-94.591072,29.392645
2032,-94.59201,29.392522999999997
2033,-94.592972,29.392374
2034,-94.59393299999999,29.392233
2035,-94.594902,29.392094
2036,-94.595886,29.391968
2037,-94.59683199999999,29.391851000000003
2038,-94.597824,29.391696999999997
2039,-94.598801,29.391596000000003
2040,-94.599785,29.391506
2041,-94.60077700000001,29.391352
2042,-94.60173,29.391270000000002
2043,-94.602753,29.391165
2044,-94.603714,29.390997
2045,-94.604683,29.390875
2046,-94.605652,29.390759000000003
2047,-94.60664399999999,29.390589000000002
2048,-94.607605,29.390415
2049,-94.608566,29.390238
2050,-94.609512,29.390034000000004
2051,-94.610489,29.389805
2052,-94.611435,29.389553000000003
2053,-94.612381,29.389338000000002
2054,-94.613312,29.389048
2055,-94.614273,29.388784
2056,-94.615196,29.388503999999998
2057,-94.616112,29.388203000000004
2058,-94.617065,29.387929999999997
2059,-94.617989,29.38764
2060,-94.61891899999999,29.387320000000003
2061,-94.619835,29.38702
2062,-94.62075,29.386715000000002
2063,-94.62168100000001,29.386374
2064,-94.62262,29.386093
2065,-94.623512,29.385757
2066,-94.62442,29.385440999999997
2067,-94.625351,29.385136
2068,-94.62623599999999,29.384806
2069,-94.627174,29.38448
2070,-94.628029,29.384151
2071,-94.628975,29.383825
2072,-94.629829,29.383488
2073,-94.63069200000001,29.383142
2074,-94.631615,29.382792
2075,-94.63248399999999,29.382456
2076,-94.633362,29.382111
2077,-94.634209,29.381785999999998
2078,-94.63515500000001,29.381453999999998
2079,-94.636009,29.381115
2080,-94.636864,29.380777000000002
2081,-94.637718,29.380466
2082,-94.638573,29.380133
2083,-94.63945799999999,29.379833
2084,-94.640404,29.379526000000002
2085,-94.641258,29.379232000000002
2086,-94.64211999999999,29.378937
2087,-94.642975,29.378674
2088,-94.643829,29.378414000000003
2089,-94.644775,29.37818
2090,-94.64563000000001,29.377945
2091,-94.646484,29.377726000000003
2092,-94.647385,29.377518
2093,-94.64829300000001,29.377340000000004
2094,-94.64917,29.377207000000002
2095,-94.650085,29.377094
2096,-94.650948,29.376928000000003
2097,-94.651878,29.376928000000003
2098,-94.65274000000001,29.376789000000002
2099,-94.653687,29.376764
2100,-94.65454100000001,29.376764
2101,-94.655472,29.376764
2102,-94.656349,29.376764
2103,-94.65724200000001,29.376764
2104,-94.65815699999999,29.376773999999997
2105,-94.659012,29.376928000000003
2106,-94.659927,29.376928000000003
2107,-94.66081199999999,29.377003000000002
2108,-94.661682,29.3771
2109,-94.662544,29.377253999999997
2110,-94.66346,29.377365
2111,-94.66433,29.377506
2112,-94.665184,29.377661
2113,-94.666054,29.377802000000003
2114,-94.66690799999999,29.377996000000003
2115,-94.66778599999999,29.378183
2116,-94.66864,29.378378
2117,-94.669495,29.37855
2118,-94.670265,29.378753999999997
2119,-94.67112,29.378988
2120,-94.671974,29.379215000000002
2121,-94.67282900000001,29.37945
2122,-94.673668,29.379703999999997
2123,-94.67450699999999,29.379934000000002
2124,-94.67531600000001,29.380207000000002
2125,-94.67617,29.380453000000003
2126,-94.67704,29.380737
2127,-94.67789499999999,29.380993
2128,-94.678772,29.381296000000003
2129,-94.679626,29.381577000000004
2130,-94.680481,29.381866
2131,-94.681335,29.382187
2132,-94.68219,29.382496000000003
2133,-94.683044,29.382832
2134,-94.68390699999999,29.383175
2135,-94.684761,29.38348
2136,-94.68562299999999,29.383829
2137,-94.68647800000001,29.384166999999998
2138,-94.687332,29.384512
2139,-94.688202,29.384863
2140,-94.688988,29.385199
2141,-94.689842,29.385578000000002
2142,-94.690697,29.385921000000003
2143,-94.691528,29.386286
2144,-94.69232199999999,29.386646000000002
2145,-94.69315300000001,29.387017999999998
2146,-94.693947,29.387379
2147,-94.694786,29.387766
2148,-94.69558,29.388134
2149,-94.696411,29.388509999999997
2150,-94.69722,29.388889000000002
2151,-94.697998,29.389286
2152,-94.698799,29.38966
2153,-94.69957,29.390064000000002
2154,-94.700363,29.390463
2155,-94.701157,29.390848
2156,-94.70193499999999,29.39123
2157,-94.702713,29.391628000000004
2158,-94.703491,29.392017
2159,-94.70429200000001,29.392431
2160,-94.705048,29.392828
2161,-94.705826,29.393225
2162,-94.70658900000001,29.393612
2163,-94.707382,29.394039000000003
2164,-94.708145,29.394415000000002
2165,-94.708931,29.394833000000002
2166,-94.709671,29.395233
2167,-94.710411,29.395651
2168,-94.711174,29.396041999999998
2169,-94.711937,29.396479
2170,-94.71270799999999,29.396859999999997
2171,-94.71347,29.397289
2172,-94.71418800000001,29.397717
2173,-94.71491999999999,29.398157
2174,-94.715637,29.398605
2175,-94.716385,29.399054
2176,-94.71710999999999,29.399532
2177,-94.71781899999999,29.400003
2178,-94.718513,29.400488
2179,-94.719238,29.400986
2180,-94.719925,29.401484999999997
2181,-94.720573,29.401999
2182,-94.721283,29.402508
2183,-94.721939,29.403046000000003
2184,-94.722649,29.403579999999998
2185,-94.723282,29.404118
2186,-94.72397600000001,29.404621000000002
2187,-94.724655,29.405185999999997
2188,-94.72532700000001,29.405706
2189,-94.725967,29.406271000000004
2190,-94.726646,29.406803000000004
2191,-94.72731800000001,29.407367999999998
2192,-94.727974,29.407932000000002
2193,-94.728622,29.408468
2194,-94.72931700000001,29.409027000000002
2195,-94.72998,29.409610999999998
2196,-94.73062900000001,29.410168
2197,-94.731277,29.410740000000004
2198,-94.731949,29.411322
2199,-94.732635,29.411886
2200,-94.733322,29.412464
2201,-94.734047,29.412985
2202,-94.734756,29.413548
2203,-94.735474,29.414087
2204,-94.736214,29.414618
2205,-94.736954,29.415155
2206,-94.737717,29.415661
2207,-94.73850999999999,29.416171999999996
2208,-94.739304,29.416676000000002
2209,-94.740105,29.417170000000002
2210,-94.74090600000001,29.417633000000002
2211,-94.74170699999999,29.418125
2212,-94.742531,29.4186
2213,-94.743385,29.419040999999996
2214,-94.744171,29.419515999999998
2215,-94.745018,29.419952000000002
2216,-94.74587199999999,29.420370000000002
2217,-94.746727,29.420807
2218,-94.74758100000001,29.421229999999998
2219,-94.748436,29.42165
2220,-94.749313,29.422052
2221,-94.75018299999999,29.422455
2222,-94.751038,29.422857
2223,-94.751892,29.42326
2224,-94.75282299999999,29.423651
2225,-94.753693,29.424076
2226,-94.754509,29.424469000000002
2227,-94.755356,29.424877000000002
2228,-94.75617199999999,29.425318
2229,-94.75703399999999,29.425695
2230,-94.757889,29.426144
2231,-94.75874300000001,29.426554
2232,-94.759598,29.426945
2233,-94.760468,29.427374
2234,-94.761337,29.427774
2235,-94.762192,29.428192
2236,-94.763054,29.42861
2237,-94.763908,29.429035
2238,-94.764763,29.429438
2239,-94.765625,29.429855
2240,-94.766403,29.430256
2241,-94.76724200000001,29.430676000000002
2242,-94.768105,29.431115999999996
2243,-94.768951,29.431499
2244,-94.769814,29.431919
2245,-94.770615,29.432322999999997
2246,-94.771454,29.432728000000004
2247,-94.772324,29.433117
2248,-94.773178,29.433552000000002
2249,-94.77404,29.433934999999998
2250,-94.774895,29.434383
2251,-94.775749,29.434759000000003
2252,-94.776611,29.435184000000003
2253,-94.777466,29.435581
2254,-94.77832,29.435995000000002
2255,-94.779175,29.436432
2256,-94.780029,29.43685
2257,-94.780884,29.437240999999997
2258,-94.781746,29.437677
2259,-94.782616,29.438095
2260,-94.78347,29.438532000000002
2261,-94.784325,29.438934000000003
2262,-94.785179,29.439356
2263,-94.786034,29.439777000000003
2264,-94.78690300000001,29.440209999999997
2265,-94.787758,29.440634000000003
2266,-94.788666,29.441066999999997
2267,-94.789536,29.441488
2268,-94.79034399999999,29.441925
2269,-94.791199,29.442362
2270,-94.79205300000001,29.44278
2271,-94.792953,29.443203000000004
2272,-94.79385400000001,29.443638
2273,-94.794708,29.444057
2274,-94.795563,29.444494
2275,-94.796425,29.444906
2276,-94.797279,29.445307
2277,-94.79815699999999,29.445704
2278,-94.798996,29.446109999999997
2279,-94.79995,29.446496999999997
2280,-94.800804,29.446888
2281,-94.801659,29.447271
2282,-94.802551,29.447653000000003
2283,-94.80345200000001,29.448034000000003
2284,-94.80439,29.448414
2285,-94.805283,29.448786
2286,-94.806198,29.449153999999997
2287,-94.80708299999999,29.449517999999998
2288,-94.808006,29.449879
2289,-94.808914,29.450259999999997
2290,-94.809799,29.450646999999996
2291,-94.810776,29.451015
2292,-94.811653,29.451390999999997
2293,-94.812576,29.451777000000003
2294,-94.813469,29.452127
2295,-94.814369,29.452510999999998
2296,-94.815315,29.452875
2297,-94.816238,29.453259000000003
2298,-94.817131,29.453634
2299,-94.818069,29.454003999999998
2300,-94.818962,29.454382
2301,-94.81989300000001,29.454736999999998
2302,-94.82081600000001,29.455128000000002
2303,-94.82176199999999,29.455505
2304,-94.822678,29.455859999999998
2305,-94.823601,29.456238
2306,-94.82450899999999,29.456592999999998
2307,-94.825424,29.456979999999998
2308,-94.82637,29.457376
2309,-94.827278,29.457758000000002
2310,-94.828194,29.458159999999996
2311,-94.829109,29.458582
2312,-94.829994,29.458965000000003
2313,-94.83094,29.459375
2314,-94.83181,29.459782
2315,-94.832748,29.460194
2316,-94.833664,29.460583000000003
2317,-94.834549,29.460998999999997
2318,-94.835442,29.461401000000002
2319,-94.836327,29.461849
2320,-94.83725,29.462259000000003
2321,-94.83815799999999,29.462704
2322,-94.83905,29.463114
2323,-94.839958,29.463558000000003
2324,-94.840813,29.463984999999997
2325,-94.841751,29.464458
2326,-94.842613,29.464895000000002
2327,-94.843475,29.465353000000004
2328,-94.844421,29.465801000000003
2329,-94.845276,29.466253000000002
2330,-94.84613,29.466686
2331,-94.84704599999999,29.467163
2332,-94.847931,29.467606
2333,-94.84878499999999,29.468063
2334,-94.849655,29.468496000000002
2335,-94.85058599999999,29.468953999999997
2336,-94.85144,29.469425
2337,-94.852295,29.469853999999998
2338,-94.853188,29.470290999999996
2339,-94.85410300000001,29.470748999999998
2340,-94.854965,29.471146
2341,-94.85585,29.471560999999998
2342,-94.85676600000001,29.47196
2343,-94.857658,29.472355
2344,-94.858574,29.472735999999998
2345,-94.85951999999999,29.473133
2346,-94.860428,29.473505
2347,-94.861366,29.473872999999998
2348,-94.862289,29.474237
2349,-94.863197,29.474606
2350,-94.864174,29.474964
2351,-94.865089,29.475321
2352,-94.866013,29.475671999999996
2353,-94.866959,29.476009
2354,-94.867882,29.476354999999998
2355,-94.86882,29.47669
2356,-94.869766,29.477055
2357,-94.870705,29.477417
2358,-94.871651,29.477762
2359,-94.872574,29.478104
2360,-94.873512,29.478451
2361,-94.87445100000001,29.478786
2362,-94.875381,29.479165999999996
2363,-94.876343,29.479498
2364,-94.87728100000001,29.479817999999998
2365,-94.878242,29.480148
2366,-94.879196,29.480453000000004
2367,-94.880142,29.480759000000003
2368,-94.881126,29.481053999999997
2369,-94.88208,29.481344
2370,-94.883034,29.481619
2371,-94.883995,29.481913
2372,-94.884949,29.482203000000002
2373,-94.885918,29.482473
2374,-94.88685600000001,29.482767
2375,-94.887863,29.483044
2376,-94.888809,29.483307
2377,-94.889763,29.483603000000002
2378,-94.89071700000001,29.483896
2379,-94.891678,29.484165
2380,-94.89265400000001,29.484463
2381,-94.8936,29.484734999999997
2382,-94.894554,29.484990999999997
2383,-94.895523,29.485294
2384,-94.896454,29.485577000000003
2385,-94.897408,29.485859
2386,-94.898361,29.486155
2387,-94.899315,29.486431
2388,-94.900253,29.486715000000004
2389,-94.90119200000001,29.487011
2390,-94.90211500000001,29.487289
2391,-94.903061,29.487555
2392,-94.904022,29.487834999999997
2393,-94.90493000000001,29.48811
2394,-94.905884,29.488413
2395,-94.90681500000001,29.488659000000002
2396,-94.907738,29.488940999999997
2397,-94.90864599999999,29.489252
2398,-94.909622,29.489483
2399,-94.91053000000001,29.489782
2400,-94.911461,29.490051
2401,-94.912376,29.490315999999996
2402,-94.91330699999999,29.490601
2403,-94.914261,29.490856
2404,-94.915207,29.491159000000003
2405,-94.916122,29.491405
2406,-94.917038,29.491688
2407,-94.917953,29.491979999999998
2408,-94.918915,29.492229
2409,-94.91983,29.492528999999998
2410,-94.920761,29.492817
2411,-94.921707,29.493063
2412,-94.922623,29.493362
2413,-94.923538,29.493637
2414,-94.92448399999999,29.493921000000004
2415,-94.925438,29.494222999999998
2416,-94.926361,29.494491999999997
2417,-94.927299,29.494787
2418,-94.92821500000001,29.495077000000002
2419,-94.92916899999999,29.495352
2420,-94.930115,29.495655
2421,-94.931046,29.495959999999997
2422,-94.93199200000001,29.496243
2423,-94.93294499999999,29.496563000000002
2424,-94.933861,29.496851
2425,-94.934814,29.497165999999996
2426,-94.93576,29.497491999999998
2427,-94.936691,29.497771999999998
2428,-94.93764499999999,29.498083
2429,-94.938599,29.498402000000002
2430,-94.939545,29.498707
2431,-94.940498,29.499027
2432,-94.941452,29.499309999999998
2433,-94.94239,29.499584000000002
2434,-94.943359,29.499887
2435,-94.944328,29.500147
2436,-94.945267,29.500418
2437,-94.946213,29.500635
2438,-94.947189,29.50086
2439,-94.948166,29.501083
2440,-94.949135,29.501286999999998
2441,-94.950089,29.501471000000002
2442,-94.951042,29.501638
2443,-94.952065,29.501759999999997
2444,-94.953018,29.501896000000002
2445,-94.953987,29.502028999999997
2446,-94.95497900000001,29.502071
2447,-94.955963,29.502213
2448,-94.95694,29.502237
2449,-94.957909,29.502356
2450,-94.958885,29.502411
2451,-94.959869,29.502411
2452,-94.960854,29.502453000000003
2453,-94.9618,29.502584000000002
2454,-94.962776,29.502584000000002
2455,-94.963737,29.502584000000002
2456,-94.964706,29.502594000000002
2457,-94.965675,29.50275
2458,-94.966667,29.50275
2459,-94.967636,29.50275
2460,-94.96862,29.50275
2461,-94.969589,29.502772999999998
2462,-94.970573,29.502926000000002
2463,-94.971588,29.502926000000002
2464,-94.972565,29.502926000000002
2465,-94.973549,29.502926000000002
2466,-94.974533,29.502926000000002
2467,-94.97554000000001,29.502926000000002
2468,-94.976517,29.502926000000002
2469,-94.97749300000001,29.502926000000002
2470,-94.97850799999999,29.502926000000002
2471,-94.979523,29.502926000000002
2472,-94.98050699999999,29.502926000000002
2473,-94.981514,29.502926000000002
2474,-94.982513,29.502926000000002
2475,-94.983536,29.502926000000002
2476,-94.984535,29.502926000000002
2477,-94.985535,29.502926000000002
2478,-94.98655699999999,29.502926000000002
2479,-94.987579,29.502926000000002
2480,-94.988571,29.502926000000002
2481,-94.989586,29.502758
2482,-94.990616,29.50275
2483,-94.991661,29.50275
2484,-94.992676,29.50275
2485,-94.99368299999999,29.50275
2486,-94.99469,29.50275
2487,-94.99571999999999,29.50275
2488,-94.996735,29.50275
2489,-94.997757,29.502609000000003
2490,-94.998772,29.502584000000002
2491,-94.999802,29.502584000000002
2492,-95.000839,29.502584000000002
2493,-95.00183100000001,29.502584000000002
2494,-95.002884,29.502584000000002
2495,-95.00389100000001,29.502508000000002
2496,-95.004898,29.502411
2497,-95.005905,29.502411
2498,-95.00692,29.502411
2499,-95.007942,29.502246999999997
2500,-95.008972,29.502237
2501,-95.00999499999999,29.502209000000004
2502,-95.011002,29.502071
2503,-95.012001,29.502071
2504,-95.01301600000001,29.501993
2505,-95.014023,29.501896000000002
2506,-95.01503000000001,29.501896000000002
2507,-95.016037,29.501742999999998
2508,-95.017044,29.501715
2509,-95.018059,29.501688
2510,-95.019058,29.501551
2511,-95.020065,29.501551
2512,-95.021088,29.501476
2513,-95.022079,29.501378999999996
2514,-95.023048,29.501378999999996
2515,-95.024063,29.501307
2516,-95.02507,29.501215000000002
2517,-95.02604699999999,29.501215000000002
2518,-95.027023,29.501169
2519,-95.02803,29.501038
2520,-95.029007,29.501038
2521,-95.030006,29.500973
2522,-95.03098299999999,29.50086
2523,-95.031998,29.50086
2524,-95.03295899999999,29.500771999999998
2525,-95.033951,29.500696
2526,-95.034935,29.500696
2527,-95.03591899999999,29.500567999999998
2528,-95.036896,29.500525
2529,-95.037834,29.500497999999997
2530,-95.038818,29.500359999999997
2531,-95.03978000000001,29.500359999999997
2532,-95.040741,29.500278
2533,-95.041702,29.500179
2534,-95.04265600000001,29.500179
2535,-95.04361,29.500046
2536,-95.04457099999999,29.500003999999997
2537,-95.045532,29.499959999999998
2538,-95.046486,29.499838
2539,-95.047409,29.499828000000004
2540,-95.048363,29.499664000000003
2541,-95.049316,29.499664000000003
2542,-95.050262,29.4995
2543,-95.05117800000001,29.499491
2544,-95.05212399999999,29.499334
2545,-95.053062,29.499325
2546,-95.054001,29.499155
2547,-95.054916,29.499149
2548,-95.055832,29.499028999999997
2549,-95.056763,29.498967999999998
2550,-95.057701,29.498941
2551,-95.058617,29.498803999999996
2552,-95.059517,29.498803999999996
2553,-95.060455,29.498768
2554,-95.061348,29.498632
2555,-95.062271,29.498632
2556,-95.063202,29.498590000000004
2557,-95.064095,29.498468
2558,-95.065002,29.498468
2559,-95.06591800000001,29.498468
2560,-95.06680300000001,29.498316
2561,-95.067734,29.498291
2562,-95.06860400000001,29.498291
2563,-95.069542,29.498245
2564,-95.070412,29.498114
2565,-95.07133499999999,29.498114
2566,-95.072212,29.498114
2567,-95.073151,29.498056
2568,-95.074005,29.49795
2569,-95.074936,29.49795
2570,-95.075806,29.49795
2571,-95.076729,29.497913
2572,-95.077614,29.497778000000004
2573,-95.078537,29.497778000000004
2574,-95.079414,29.497778000000004
2575,-95.08033,29.497778000000004
2576,-95.08120699999999,29.497751
2577,-95.08210799999999,29.497614000000002
2578,-95.08300799999999,29.497614000000002
2579,-95.083954,29.497614000000002
2580,-95.084816,29.497614000000002
2581,-95.085739,29.497604
2582,-95.086624,29.497433
2583,-95.08755500000001,29.497433
2584,-95.088425,29.497433
2585,-95.089363,29.497390999999997
2586,-95.090271,29.497257
2587,-95.091171,29.497257
2588,-95.092117,29.497257
2589,-95.09300999999999,29.497116
2590,-95.093918,29.497090999999998
2591,-95.094872,29.497090999999998
2592,-95.09577900000001,29.496948
2593,-95.096687,29.496918
2594,-95.09761,29.496876
2595,-95.098541,29.496744
2596,-95.099457,29.496744
2597,-95.10039499999999,29.496655
2598,-95.101318,29.496578000000003
2599,-95.102249,29.496578000000003
2600,-95.10318000000001,29.496408000000002
2601,-95.104088,29.496403000000004
2602,-95.105049,29.496357
2603,-95.105988,29.496221999999996
2604,-95.10691800000001,29.496221999999996
2605,-95.107857,29.496149
2606,-95.108788,29.496058
2607,-95.109741,29.496058
2608,-95.110687,29.495929999999998
2609,-95.111603,29.495886
2610,-95.112572,29.495886
2611,-95.113495,29.495876000000003
2612,-95.114441,29.495721999999997
2613,-95.115372,29.495721999999997
2614,-95.116333,29.495721999999997
2615,-95.117271,29.495721999999997
2616,-95.118225,29.495721999999997
2617,-95.119156,29.495825
2618,-95.120094,29.495886
2619,-95.12101700000001,29.495886
2620,-95.121948,29.495905
2621,-95.12291,29.496058
2622,-95.12384,29.496058
2623,-95.124741,29.496197
2624,-95.125671,29.496230999999998
2625,-95.126564,29.496403000000004
2626,-95.12751,29.496516999999997
2627,-95.128403,29.496653000000002
2628,-95.129349,29.496826000000002
2629,-95.130234,29.496997999999998
2630,-95.13110400000001,29.497165999999996
2631,-95.13203399999999,29.497372
2632,-95.132889,29.497631
2633,-95.133751,29.497852
2634,-95.134613,29.498081
2635,-95.135468,29.498372999999997
2636,-95.13633,29.498608
2637,-95.13718399999999,29.498891999999998
2638,-95.138039,29.499201
2639,-95.138878,29.499470000000002
2640,-95.139656,29.499771000000003
2641,-95.140526,29.500082
2642,-95.14134200000001,29.500422999999998
2643,-95.142166,29.500759000000002
2644,-95.14296,29.501109999999997
2645,-95.143784,29.501446
2646,-95.144562,29.501801
2647,-95.14535500000001,29.502186
2648,-95.146111,29.502567
2649,-95.14688100000001,29.502948999999997
2650,-95.14765899999999,29.503345
2651,-95.148422,29.503769000000002
2652,-95.14915500000001,29.504184999999996
2653,-95.149872,29.504627000000003
2654,-95.15055100000001,29.505059999999997
2655,-95.15124499999999,29.50556
2656,-95.151886,29.506058000000003
2657,-95.152512,29.50658
2658,-95.153137,29.507101000000002
2659,-95.15373199999999,29.507624
2660,-95.154259,29.508184000000004
2661,-95.154823,29.508762
2662,-95.15535,29.509344
2663,-95.155869,29.509899
2664,-95.15638,29.510492
2665,-95.156891,29.511108
2666,-95.157349,29.511698
2667,-95.157829,29.512302000000002
2668,-95.15827900000001,29.512936
2669,-95.158714,29.513554
2670,-95.159103,29.514184999999998
2671,-95.159515,29.514853000000002
2672,-95.15986600000001,29.515490999999997
2673,-95.160225,29.51618
2674,-95.160545,29.516861
2675,-95.160881,29.517559000000002
2676,-95.161125,29.518255
2677,-95.161385,29.518960999999997
2678,-95.161575,29.519669
2679,-95.16179699999999,29.520386
2680,-95.161934,29.521143
2681,-95.162125,29.521887
2682,-95.162247,29.522614
2683,-95.162361,29.52335
2684,-95.162544,29.524096999999998
2685,-95.16256700000001,29.524851
2686,-95.16265899999999,29.525603999999998
2687,-95.162712,29.526360999999998
2688,-95.162712,29.527134000000004
2689,-95.16272,29.527874
2690,-95.162872,29.528655999999998
2691,-95.162872,29.529425
2692,-95.162872,29.530185999999997
2693,-95.162872,29.530920000000002
2694,-95.162872,29.531686999999998
2695,-95.162872,29.53245
2696,-95.162872,29.533217999999998
2697,-95.162872,29.53397
2698,-95.162842,29.534717999999998
2699,-95.162712,29.535466999999997
2700,-95.162712,29.536228
2701,-95.162712,29.536990999999997
2702,-95.162712,29.537739000000002
2703,-95.162712,29.538477
2704,-95.162712,29.539240000000003
2705,-95.16265899999999,29.540003000000002
2706,-95.16256700000001,29.540740999999997
2707,-95.16256700000001,29.541491999999998
2708,-95.16256700000001,29.542261
2709,-95.16256700000001,29.543003000000002
2710,-95.16256700000001,29.543765999999998
2711,-95.16256700000001,29.544519
2712,-95.16261300000001,29.545246000000002
2713,-95.162712,29.546015
2714,-95.162712,29.54678
2715,-95.162712,29.547541
2716,-95.162712,29.548258
2717,-95.16285699999999,29.549026
2718,-95.162872,29.549770000000002
2719,-95.162872,29.550516
2720,-95.162872,29.551258
2721,-95.162872,29.552021000000003
2722,-95.16304000000001,29.552759000000002
2723,-95.163071,29.553486
2724,-95.163071,29.55423
2725,-95.163071,29.554993
2726,-95.163071,29.555737
2727,-95.163071,29.556482
2728,-95.163071,29.55722
2729,-95.163071,29.557957000000002
2730,-95.163071,29.558704
2731,-95.163071,29.559437
2732,-95.163071,29.560185999999998
2733,-95.163071,29.560909000000002
2734,-95.163071,29.561629999999997
2735,-95.16317,29.562374
2736,-95.163216,29.563086
2737,-95.163216,29.563812
2738,-95.163216,29.564548
2739,-95.163216,29.565234999999998
2740,-95.163216,29.565959999999997
2741,-95.163216,29.566681
2742,-95.163216,29.567373
2743,-95.163216,29.568103999999998
2744,-95.163414,29.568813000000002
2745,-95.163422,29.56953
2746,-95.163422,29.570215
2747,-95.163422,29.570934
2748,-95.163422,29.57165
2749,-95.163422,29.572347999999998
2750,-95.163422,29.573029
2751,-95.163422,29.573746000000003
2752,-95.163422,29.574444
2753,-95.163422,29.575129999999998
2754,-95.163422,29.575846000000002
2755,-95.163422,29.576534000000002
2756,-95.163422,29.577225
2757,-95.163422,29.577948
2758,-95.163551,29.578625
2759,-95.163574,29.579319
2760,-95.163574,29.580002
2761,-95.163574,29.580694
2762,-95.163574,29.581353999999997
2763,-95.163574,29.582027000000004
2764,-95.163574,29.582684000000004
2765,-95.163574,29.583363000000002
2766,-95.163574,29.584015
2767,-95.163574,29.584667
2768,-95.163574,29.585312
2769,-95.163605,29.585958
2770,-95.16372700000001,29.586596999999998
2771,-95.16372700000001,29.587244000000002
2772,-95.16372700000001,29.587878999999997
2773,-95.16372700000001,29.588526
2774,-95.16372700000001,29.589147999999998
2775,-95.16372700000001,29.589788000000002
2776,-95.16372700000001,29.590424
2777,-95.16372700000001,29.591045
2778,-95.16372700000001,29.591663
2779,-95.16372700000001,29.592297
2780,-95.16372700000001,29.592926000000002
2781,-95.163811,29.593533
2782,-95.163933,29.594152
2783,-95.163933,29.594761
2784,-95.163933,29.595394
2785,-95.163933,29.596018
